solid OpenSCAD_Model
  facet normal 0.25273384689627393 -0.013208989496518104 0.967445670427798
    outer loop
      vertex 8.090169906616211 0 0.8865337371826172
      vertex 7.913379669189453 -3.3826112747192383 0.8865337371826172
      vertex 8.935822486877441 -3.8196592330932617 0.6134653091430664
    endloop
  endfacet
  facet normal -0.0067012120128664655 -0.015677056247706683 0.9998546512693557
    outer loop
      vertex -0.3230104446411133 -1.9992008209228516 1.5
      vertex -0.3230104446411133 -6.180339813232422 1.4344425201416016
      vertex -0.10926151275634766 -2.0905685424804688 1.5
    endloop
  endfacet
  facet normal -0.37260997036429055 0.1069740104016171 0.921801698351504
    outer loop
      vertex -7.913379669189453 11.562152862548828 0.3135852813720703
      vertex -8.935822486877441 8.000798225402832 0.3135852813720703
      vertex -7.390737533569336 10.7985258102417 0.6134653091430664
    endloop
  endfacet
  facet normal 0.22136976041378228 0.06355388156026573 0.9731168138065277
    outer loop
      vertex 7.390737533569336 10.7985258102417 0.6134653091430664
      vertex 6.5450849533081055 9.56295108795166 0.8865337371826172
      vertex 8.34565258026123 7.472382545471191 0.6134653091430664
    endloop
  endfacet
  facet normal 0.058367881075637694 0.016757050758782584 0.9981544929060869
    outer loop
      vertex 4.0450849533081055 5.910228729248047 1.3061933517456055
      vertex 2.5 3.6527223587036133 1.4344425201416016
      vertex 4.567727088928223 4.089770317077637 1.3061933517456055
    endloop
  endfacet
  facet normal -0.25273384689627393 -0.013208989496518104 0.967445670427798
    outer loop
      vertex -8.090169906616211 0 0.8865337371826172
      vertex -8.935822486877441 -3.8196592330932617 0.6134653091430664
      vertex -7.913379669189453 -3.3826112747192383 0.8865337371826172
    endloop
  endfacet
  facet normal 0.10549589454323248 0.11782484283476281 0.9874147672814533
    outer loop
      vertex 2.8230104446411133 17.472381591796875 0.6134653091430664
      vertex 2.5 15.473180770874023 0.8865337371826172
      vertex 4.0450849533081055 14.089770317077637 0.8865337371826172
    endloop
  endfacet
  facet normal 0.1652018114865957 0.008634094054996476 0.9862219901733061
    outer loop
      vertex 8.090169906616211 0 0.8865337371826172
      vertex 6.5450849533081055 2.797727584838867 1.1208572387695312
      vertex 6.691305160522461 0 1.1208572387695312
    endloop
  endfacet
  facet normal 0.1652018114865957 -0.008634094054996476 0.9862219901733061
    outer loop
      vertex 6.691305160522461 0 1.1208572387695312
      vertex 6.5450849533081055 -2.797727584838867 1.1208572387695312
      vertex 8.090169906616211 0 0.8865337371826172
    endloop
  endfacet
  facet normal -0.08155603328352738 -0.03651556543497201 0.9959996119055572
    outer loop
      vertex -4.0450849533081055 -5.910228729248047 1.3061933517456055
      vertex -4.477356910705566 -10 1.1208572387695312
      vertex -3.3456525802612305 -7.472382545471191 1.3061933517456055
    endloop
  endfacet
  facet normal -0.09495644241203219 -0.02726141288123928 0.9951080792618303
    outer loop
      vertex -4.0450849533081055 -5.910228729248047 1.3061933517456055
      vertex -6.112812042236328 -5.473180770874023 1.1208572387695312
      vertex -5.413379669189453 -7.909430503845215 1.1208572387695312
    endloop
  endfacet
  facet normal -0.14421563794697162 -0.04140339664984574 0.9886797300022914
    outer loop
      vertex -6.112812042236328 -5.473180770874023 1.1208572387695312
      vertex -7.390737533569336 -6.617387771606445 0.8865337371826172
      vertex -6.5450849533081055 -9.56295108795166 0.8865337371826172
    endloop
  endfacet
  facet normal 0.15812072602158356 0.025547562145695753 0.9870892351103921
    outer loop
      vertex 7.390737533569336 6.617387771606445 0.8865337371826172
      vertex 6.112812042236328 5.473180770874023 1.1208572387695312
      vertex 6.5450849533081055 2.797727584838867 1.1208572387695312
    endloop
  endfacet
  facet normal -0.05010297871858107 0.022432903173760486 0.9984920912950298
    outer loop
      vertex -3.3456525802612305 7.472382545471191 1.3061933517456055
      vertex -4.0450849533081055 5.910228729248047 1.3061933517456055
      vertex -2.5 3.6527223587036133 1.4344425201416016
    endloop
  endfacet
  facet normal -0.09495643871563342 -0.02726139503623761 0.9951080801034238
    outer loop
      vertex -4.567727088928223 -4.089770317077637 1.3061933517456055
      vertex -6.112812042236328 -5.473180770874023 1.1208572387695312
      vertex -4.0450849533081055 -5.910228729248047 1.3061933517456055
    endloop
  endfacet
  facet normal -0.8196908911169788 0.04284096104849258 0.5712017989084898
    outer loop
      vertex -9.983041763305664 0 0.024335553869605064
      vertex -9.567727088928223 4.089770317077637 0.3135852813720703
      vertex -10 0 0
    endloop
  endfacet
  facet normal -0.8196869944487509 0.04284016564382881 0.5712074503533567
    outer loop
      vertex -9.567727088928223 4.089770317077637 0.3135852813720703
      vertex -9.983041763305664 0 0.024335553869605064
      vertex -9.781475067138672 0 0.3135852813720703
    endloop
  endfacet
  facet normal -0.05409402701182478 0.1265491140332561 0.9904843047615857
    outer loop
      vertex -0.9549140930175781 18.27090835571289 0.6134653091430664
      vertex -2.8230104446411133 17.472381591796875 0.6134653091430664
      vertex -0.8456525802612305 16.180339813232422 0.8865337371826172
    endloop
  endfacet
  facet normal -0.027440435520315058 -0.03064730401530237 0.9991535243670259
    outer loop
      vertex -1.5450849533081055 -5.381813049316406 1.4344425201416016
      vertex -2.5 -8.707956314086914 1.3061933517456055
      vertex -1.5450849533081055 -9.56295108795166 1.3061933517456055
    endloop
  endfacet
  facet normal 0.3242384119743289 0.1451730679185067 0.9347696146920341
    outer loop
      vertex 7.913379669189453 11.562152862548828 0.3135852813720703
      vertex 6.5450849533081055 14.618185997009277 0.3135852813720703
      vertex 7.390737533569336 10.7985258102417 0.6134653091430664
    endloop
  endfacet
  facet normal 0 0.016027561124168577 0.9998715503925547
    outer loop
      vertex 0.3230104446411133 6.180339813232422 1.4344425201416016
      vertex -0.10926151275634766 2.0905685424804688 1.5
      vertex 0.10926151275634766 2.0905685424804688 1.5
    endloop
  endfacet
  facet normal 0 0.016027561124168577 0.9998715503925548
    outer loop
      vertex -0.10926151275634766 2.0905685424804688 1.5
      vertex 0.3230104446411133 6.180339813232422 1.4344425201416016
      vertex -0.3230104446411133 6.180339813232422 1.4344425201416016
    endloop
  endfacet
  facet normal 0.05010297871858107 0.022432903173760486 0.9984920912950298
    outer loop
      vertex 3.3456525802612305 7.472382545471191 1.3061933517456055
      vertex 2.5 3.6527223587036133 1.4344425201416016
      vertex 4.0450849533081055 5.910228729248047 1.3061933517456055
    endloop
  endfacet
  facet normal 0.058367881075637694 -0.016757050758782584 0.9981544929060869
    outer loop
      vertex 4.567727088928223 -4.089770317077637 1.3061933517456055
      vertex 2.5 -3.6527223587036133 1.4344425201416016
      vertex 4.0450849533081055 -5.910228729248047 1.3061933517456055
    endloop
  endfacet
  facet normal -0.06814924554276666 0.07611355116553793 0.9947675143775668
    outer loop
      vertex -2.0677270889282227 12.797727584838867 1.1208572387695312
      vertex -4.0450849533081055 14.089770317077637 0.8865337371826172
      vertex -3.3456525802612305 11.653520584106445 1.1208572387695312
    endloop
  endfacet
  facet normal 0.24218653294002396 0.03913003841396061 0.9694403144888357
    outer loop
      vertex 8.34565258026123 7.472382545471191 0.6134653091430664
      vertex 7.390737533569336 6.617387771606445 0.8865337371826172
      vertex 8.935822486877441 3.8196592330932617 0.6134653091430664
    endloop
  endfacet
  facet normal -0.2527339844449833 -0.013208956507294116 0.9674456349452156
    outer loop
      vertex -8.090169906616211 0 0.8865337371826172
      vertex -9.135454177856445 0 0.6134653091430664
      vertex -8.935822486877441 -3.8196592330932617 0.6134653091430664
    endloop
  endfacet
  facet normal -0.8196857099310728 -0.042840906380629366 0.5712092380864294
    outer loop
      vertex -9.934694290161133 -1.2495179176330566 0
      vertex -9.982059478759766 -0.16973842680454254 0.013014782220125198
      vertex -9.98093032836914 -0.3648723065853119 0
    endloop
  endfacet
  facet normal -0.819572937784786 -0.04282165508915723 0.5713724752788153
    outer loop
      vertex -9.897093772888184 -1.6743278503417969 0.02209644764661789
      vertex -9.934694290161133 -1.2495179176330566 0
      vertex -9.929625511169434 -1.324203372001648 0.0016733030788600445
    endloop
  endfacet
  facet normal -0.8196914073457628 -0.04284105761907842 0.5712010508617799
    outer loop
      vertex -9.934694290161133 -1.2495179176330566 0
      vertex -9.897093772888184 -1.6743278503417969 0.02209644764661789
      vertex -9.982059478759766 -0.16973842680454254 0.013014782220125198
    endloop
  endfacet
  facet normal -0.819694768199874 -0.04284127662037482 0.571196211474911
    outer loop
      vertex -9.86050796508789 -2.068094253540039 0.04506533220410347
      vertex -9.982059478759766 -0.16973842680454254 0.013014782220125198
      vertex -9.897093772888184 -1.6743278503417969 0.02209644764661789
    endloop
  endfacet
  facet normal -0.8196916369946153 -0.04284099991561624 0.5712007256361968
    outer loop
      vertex -9.821802139282227 -2.4133567810058594 0.07471419125795364
      vertex -9.982059478759766 -0.16973842680454254 0.013014782220125198
      vertex -9.86050796508789 -2.068094253540039 0.04506533220410347
    endloop
  endfacet
  facet normal -0.8196887093705698 -0.0428403212265943 0.5712049777510799
    outer loop
      vertex -9.567727088928223 -4.089770317077637 0.3135852813720703
      vertex -9.821802139282227 -2.4133567810058594 0.07471419125795364
      vertex -9.710458755493164 -3.40655779838562 0.16000382602214813
    endloop
  endfacet
  facet normal -0.8196932517389097 -0.042842776885092165 0.5711982751396109
    outer loop
      vertex -9.567727088928223 -4.089770317077637 0.3135852813720703
      vertex -9.710458755493164 -3.40655779838562 0.16000382602214813
      vertex -9.681574821472168 -3.6379175186157227 0.18410031497478485
    endloop
  endfacet
  facet normal -0.8196901299002607 -0.042840832446557287 0.571202900919962
    outer loop
      vertex -9.821802139282227 -2.4133567810058594 0.07471419125795364
      vertex -9.567727088928223 -4.089770317077637 0.3135852813720703
      vertex -9.982059478759766 -0.16973842680454254 0.013014782220125198
    endloop
  endfacet
  facet normal -0.8196901834341621 -0.04284069732865783 0.5712028342314698
    outer loop
      vertex -9.567727088928223 -4.089770317077637 0.3135852813720703
      vertex -9.681574821472168 -3.6379175186157227 0.18410031497478485
      vertex -9.622254371643066 -4.113078594207764 0.23358914256095886
    endloop
  endfacet
  facet normal -0.4048595515552108 -0.06541309135689012 0.9120361127683756
    outer loop
      vertex -8.935822486877441 -3.8196592330932617 0.6134653091430664
      vertex -9.567727088928223 -4.089770317077637 0.3135852813720703
      vertex -8.34565258026123 -7.472382545471191 0.6134653091430664
    endloop
  endfacet
  facet normal -0.42094165857202964 -0.022000207342105855 0.9068208814068704
    outer loop
      vertex -9.135454177856445 0 0.6134653091430664
      vertex -9.567727088928223 -4.089770317077637 0.3135852813720703
      vertex -8.935822486877441 -3.8196592330932617 0.6134653091430664
    endloop
  endfacet
  facet normal -0.022869966237208206 -0.05350273277693332 0.9983057759172331
    outer loop
      vertex -0.5226421356201172 -10 1.3061933517456055
      vertex -2.0677270889282227 -12.797727584838867 1.1208572387695312
      vertex -0.6994314193725586 -13.382611274719238 1.1208572387695312
    endloop
  endfacet
  facet normal -0.027440385659704518 0.030647304057265477 0.9991535257350936
    outer loop
      vertex -1.5450849533081055 9.56295108795166 1.3061933517456055
      vertex -1.5450849533081055 5.381813049316406 1.4344425201416016
      vertex -0.9549140930175781 5.910228729248047 1.4344425201416016
    endloop
  endfacet
  facet normal -0.19088986627123136 0.08546826180393162 0.9778835488846134
    outer loop
      vertex -6.112812042236328 13.652722358703613 0.6134653091430664
      vertex -6.5450849533081055 9.56295108795166 0.8865337371826172
      vertex -5.413379669189453 12.090568542480469 0.8865337371826172
    endloop
  endfacet
  facet normal 0.15812072602158356 -0.025547562145695753 0.9870892351103921
    outer loop
      vertex 6.5450849533081055 -2.797727584838867 1.1208572387695312
      vertex 6.112812042236328 -5.473180770874023 1.1208572387695312
      vertex 7.390737533569336 -6.617387771606445 0.8865337371826172
    endloop
  endfacet
  facet normal 0.14421556438030653 -0.04140340502030337 0.9886797403826956
    outer loop
      vertex 6.112812042236328 -5.473180770874023 1.1208572387695312
      vertex 5.413379669189453 -7.909430503845215 1.1208572387695312
      vertex 6.5450849533081055 -9.56295108795166 0.8865337371826172
    endloop
  endfacet
  facet normal 0.09495644241203219 0.02726141288123928 0.9951080792618303
    outer loop
      vertex 5.413379669189453 7.909430503845215 1.1208572387695312
      vertex 4.0450849533081055 5.910228729248047 1.3061933517456055
      vertex 6.112812042236328 5.473180770874023 1.1208572387695312
    endloop
  endfacet
  facet normal 0.10892777646608963 0.00569305300335743 0.9940333639579984
    outer loop
      vertex 6.5450849533081055 2.797727584838867 1.1208572387695312
      vertex 4.890737533569336 2.0905685424804688 1.3061933517456055
      vertex 5 0 1.3061933517456055
    endloop
  endfacet
  facet normal 0.4406231591576407 0.49211758515987675 0.7507806030994355
    outer loop
      vertex 3.090169906616211 19.125904083251953 0
      vertex 3.022642135620117 18.707956314086914 0.3135852813720703
      vertex 4.890737533569336 17.035335540771484 0.3135852813720703
    endloop
  endfacet
  facet normal 0.59145454516114 0.40480379180724746 0.6973631845363673
    outer loop
      vertex 5 17.415912628173828 0
      vertex 4.890737533569336 17.035335540771484 0.3135852813720703
      vertex 6.5450849533081055 14.618185997009277 0.3135852813720703
    endloop
  endfacet
  facet normal 0.22136971986250611 0.06355384511839647 0.9731168254113493
    outer loop
      vertex 8.34565258026123 7.472382545471191 0.6134653091430664
      vertex 6.5450849533081055 9.56295108795166 0.8865337371826172
      vertex 7.390737533569336 6.617387771606445 0.8865337371826172
    endloop
  endfacet
  facet normal 0.19089005514002544 0.0854682792034275 0.9778835104953162
    outer loop
      vertex 7.390737533569336 10.7985258102417 0.6134653091430664
      vertex 6.112812042236328 13.652722358703613 0.6134653091430664
      vertex 6.5450849533081055 9.56295108795166 0.8865337371826172
    endloop
  endfacet
  facet normal 0.08155605388543122 -0.03651556318472647 0.9959996103010978
    outer loop
      vertex 5.413379669189453 -7.909430503845215 1.1208572387695312
      vertex 4.0450849533081055 -5.910228729248047 1.3061933517456055
      vertex 4.477356910705566 -10 1.1208572387695312
    endloop
  endfacet
  facet normal 0.08155603328352738 -0.03651556543497201 0.9959996119055572
    outer loop
      vertex 4.0450849533081055 -5.910228729248047 1.3061933517456055
      vertex 3.3456525802612305 -7.472382545471191 1.3061933517456055
      vertex 4.477356910705566 -10 1.1208572387695312
    endloop
  endfacet
  facet normal 0.06814922047339259 -0.07611358931411782 0.9947675131761142
    outer loop
      vertex 4.0450849533081055 -14.089770317077637 0.8865337371826172
      vertex 2.0677270889282227 -12.797727584838867 1.1208572387695312
      vertex 2.5 -15.473180770874023 0.8865337371826172
    endloop
  endfacet
  facet normal -0.04471560148284504 -0.049941319148228955 0.9977506600477708
    outer loop
      vertex -2.5 -8.707956314086914 1.3061933517456055
      vertex -3.3456525802612305 -11.653520584106445 1.1208572387695312
      vertex -2.0677270889282227 -12.797727584838867 1.1208572387695312
    endloop
  endfacet
  facet normal 0.06700082620207595 -0.0035017544973015256 0.997746774990368
    outer loop
      vertex 3.090169906616211 0 1.4344425201416016
      vertex 3.022642135620117 -1.2920427322387695 1.4344425201416016
      vertex 5 0 1.3061933517456055
    endloop
  endfacet
  facet normal -0.04471556246739875 -0.049941315112839696 0.9977506619982892
    outer loop
      vertex -1.5450849533081055 -9.56295108795166 1.3061933517456055
      vertex -2.5 -8.707956314086914 1.3061933517456055
      vertex -2.0677270889282227 -12.797727584838867 1.1208572387695312
    endloop
  endfacet
  facet normal 0.06408181519598179 0.01035370080971391 0.9978909368466731
    outer loop
      vertex 4.567727088928223 4.089770317077637 1.3061933517456055
      vertex 2.8230104446411133 2.527616500854492 1.4344425201416016
      vertex 3.022642135620117 1.2920427322387695 1.4344425201416016
    endloop
  endfacet
  facet normal 0.14421556438030653 0.04140340502030337 0.9886797403826956
    outer loop
      vertex 6.5450849533081055 9.56295108795166 0.8865337371826172
      vertex 5.413379669189453 7.909430503845215 1.1208572387695312
      vertex 6.112812042236328 5.473180770874023 1.1208572387695312
    endloop
  endfacet
  facet normal -0.801383842455097 -0.12947909065715066 0.5839684085072596
    outer loop
      vertex -9.56295108795166 -4.620804786682129 0.20239698886871338
      vertex -9.567727088928223 -4.089770317077637 0.3135852813720703
      vertex -9.622254371643066 -4.113078594207764 0.23358914256095886
    endloop
  endfacet
  facet normal -0.8013838922536265 -0.12947907741113554 0.5839683431053339
    outer loop
      vertex -9.567727088928223 -4.089770317077637 0.3135852813720703
      vertex -9.56295108795166 -4.620804786682129 0.20239698886871338
      vertex -9.477612495422363 -4.94235372543335 0.2482130229473114
    endloop
  endfacet
  facet normal -0.4209421259129872 0.022000142155122727 0.9068206660509063
    outer loop
      vertex -9.567727088928223 4.089770317077637 0.3135852813720703
      vertex -9.781475067138672 0 0.3135852813720703
      vertex -9.135454177856445 0 0.6134653091430664
    endloop
  endfacet
  facet normal 0.5914541783813883 0.4048036343591751 0.6973635870080974
    outer loop
      vertex 6.691305160522461 14.944765090942383 0
      vertex 5 17.415912628173828 0
      vertex 6.5450849533081055 14.618185997009277 0.3135852813720703
    endloop
  endfacet
  facet normal 0.8196857099310728 -0.042840906380629366 0.5712092380864294
    outer loop
      vertex 9.982059478759766 -0.16973842680454254 0.013014782220125198
      vertex 9.934694290161133 -1.2495179176330566 0
      vertex 9.98093032836914 -0.3648723065853119 0
    endloop
  endfacet
  facet normal 0.8196914073457628 -0.04284105761907842 0.5712010508617799
    outer loop
      vertex 9.897093772888184 -1.6743278503417969 0.02209644764661789
      vertex 9.934694290161133 -1.2495179176330566 0
      vertex 9.982059478759766 -0.16973842680454254 0.013014782220125198
    endloop
  endfacet
  facet normal 0.819572937784786 -0.04282165508915723 0.5713724752788153
    outer loop
      vertex 9.934694290161133 -1.2495179176330566 0
      vertex 9.897093772888184 -1.6743278503417969 0.02209644764661789
      vertex 9.929625511169434 -1.324203372001648 0.0016733030788600445
    endloop
  endfacet
  facet normal 0.819694768199874 -0.04284127662037482 0.571196211474911
    outer loop
      vertex 9.982059478759766 -0.16973842680454254 0.013014782220125198
      vertex 9.86050796508789 -2.068094253540039 0.04506533220410347
      vertex 9.897093772888184 -1.6743278503417969 0.02209644764661789
    endloop
  endfacet
  facet normal 0.8196916369946153 -0.04284099991561624 0.5712007256361968
    outer loop
      vertex 9.982059478759766 -0.16973842680454254 0.013014782220125198
      vertex 9.821802139282227 -2.4133567810058594 0.07471419125795364
      vertex 9.86050796508789 -2.068094253540039 0.04506533220410347
    endloop
  endfacet
  facet normal 0.8196901299002607 -0.042840832446557287 0.571202900919962
    outer loop
      vertex 9.567727088928223 -4.089770317077637 0.3135852813720703
      vertex 9.821802139282227 -2.4133567810058594 0.07471419125795364
      vertex 9.982059478759766 -0.16973842680454254 0.013014782220125198
    endloop
  endfacet
  facet normal 0.8196887093705698 -0.0428403212265943 0.5712049777510799
    outer loop
      vertex 9.821802139282227 -2.4133567810058594 0.07471419125795364
      vertex 9.567727088928223 -4.089770317077637 0.3135852813720703
      vertex 9.710458755493164 -3.40655779838562 0.16000382602214813
    endloop
  endfacet
  facet normal 0.8196932517389097 -0.042842776885092165 0.5711982751396109
    outer loop
      vertex 9.710458755493164 -3.40655779838562 0.16000382602214813
      vertex 9.567727088928223 -4.089770317077637 0.3135852813720703
      vertex 9.681574821472168 -3.6379175186157227 0.18410031497478485
    endloop
  endfacet
  facet normal 0.8196901834341621 -0.04284069732865783 0.5712028342314698
    outer loop
      vertex 9.681574821472168 -3.6379175186157227 0.18410031497478485
      vertex 9.567727088928223 -4.089770317077637 0.3135852813720703
      vertex 9.622254371643066 -4.113078594207764 0.23358914256095886
    endloop
  endfacet
  facet normal 0.2527339844449833 -0.013208956507294116 0.9674456349452156
    outer loop
      vertex 9.135454177856445 0 0.6134653091430664
      vertex 8.090169906616211 0 0.8865337371826172
      vertex 8.935822486877441 -3.8196592330932617 0.6134653091430664
    endloop
  endfacet
  facet normal 0.7618669435622426 0.21872714008873526 0.609686147534721
    outer loop
      vertex 9.135454177856445 8.179540634155273 0
      vertex 8.090169906616211 11.82045841217041 0
      vertex 8.935822486877441 8.000798225402832 0.3135852813720703
    endloop
  endfacet
  facet normal 0.8013830440392045 0.12947925437672764 0.5839694678769645
    outer loop
      vertex 9.781475067138672 4.181138038635254 0
      vertex 9.135454177856445 8.179540634155273 0
      vertex 9.567727088928223 4.089770317077637 0.3135852813720703
    endloop
  endfacet
  facet normal 0.14421563794697162 -0.04140339664984574 0.9886797300022914
    outer loop
      vertex 7.390737533569336 -6.617387771606445 0.8865337371826172
      vertex 6.112812042236328 -5.473180770874023 1.1208572387695312
      vertex 6.5450849533081055 -9.56295108795166 0.8865337371826172
    endloop
  endfacet
  facet normal 0.40486006197687957 -0.06541329715835381 0.9120358714277362
    outer loop
      vertex 8.34565258026123 -7.472382545471191 0.6134653091430664
      vertex 9.355846405029297 -5.401155471801758 0.3135852813720703
      vertex 9.567727088928223 -4.089770317077637 0.3135852813720703
    endloop
  endfacet
  facet normal 0.4048600047234334 -0.06541326522294819 0.912035899133479
    outer loop
      vertex 9.355846405029297 -5.401155471801758 0.3135852813720703
      vertex 8.34565258026123 -7.472382545471191 0.6134653091430664
      vertex 9.043331146240234 -6.626077175140381 0.36445915699005127
    endloop
  endfacet
  facet normal 0.4048601292788789 -0.06541338673659679 0.9120358351270733
    outer loop
      vertex 9.043331146240234 -6.626077175140381 0.36445915699005127
      vertex 8.34565258026123 -7.472382545471191 0.6134653091430664
      vertex 8.856916427612305 -7.313499450683594 0.3979066014289856
    endloop
  endfacet
  facet normal 0.40485997378954924 -0.06541272872001441 0.9120359513443137
    outer loop
      vertex 8.856916427612305 -7.313499450683594 0.3979066014289856
      vertex 8.34565258026123 -7.472382545471191 0.6134653091430664
      vertex 8.72236442565918 -7.809675693511963 0.4220487177371979
    endloop
  endfacet
  facet normal 0.018942784403440324 0.012964805796341768 0.9997365076507448
    outer loop
      vertex 2.0677270889282227 4.618185997009277 1.4344425201416016
      vertex 0.5226421356201172 1.8204584121704102 1.5
      vertex 0.6994314193725586 1.5621528625488281 1.5
    endloop
  endfacet
  facet normal 0.03064331202381761 0.004951047550097039 0.9995181211745826
    outer loop
      vertex 2.8230104446411133 2.527616500854492 1.4344425201416016
      vertex 0.9549140930175781 0.8549947738647461 1.5
      vertex 1.0224418640136719 0.43704795837402344 1.5
    endloop
  endfacet
  facet normal -0.7618661751240038 0.2187270514062606 0.6096871395929586
    outer loop
      vertex -8.090169906616211 11.82045841217041 0
      vertex -8.935822486877441 8.000798225402832 0.3135852813720703
      vertex -7.913379669189453 11.562152862548828 0.3135852813720703
    endloop
  endfacet
  facet normal 0.1042069203877603 0.016836681578033263 0.9944131153080892
    outer loop
      vertex 6.5450849533081055 2.797727584838867 1.1208572387695312
      vertex 4.567727088928223 4.089770317077637 1.3061933517456055
      vertex 4.890737533569336 2.0905685424804688 1.3061933517456055
    endloop
  endfacet
  facet normal 0.12400900110043064 0.05552329193334963 0.9907264666389798
    outer loop
      vertex 5.413379669189453 12.090568542480469 0.8865337371826172
      vertex 4.477356910705566 10 1.1208572387695312
      vertex 6.5450849533081055 9.56295108795166 0.8865337371826172
    endloop
  endfacet
  facet normal 0.15176440685102055 0.10387067408188992 0.9829437663869341
    outer loop
      vertex 6.112812042236328 13.652722358703613 0.6134653091430664
      vertex 4.0450849533081055 14.089770317077637 0.8865337371826172
      vertex 5.413379669189453 12.090568542480469 0.8865337371826172
    endloop
  endfacet
  facet normal 0.09829727876973789 0.067276728892203 0.9928803990088783
    outer loop
      vertex 4.0450849533081055 14.089770317077637 0.8865337371826172
      vertex 3.3456525802612305 11.653520584106445 1.1208572387695312
      vertex 4.477356910705566 10 1.1208572387695312
    endloop
  endfacet
  facet normal 0.1581208045211671 0.02554754402365606 0.9870892230046575
    outer loop
      vertex 7.390737533569336 6.617387771606445 0.8865337371826172
      vertex 6.5450849533081055 2.797727584838867 1.1208572387695312
      vertex 7.913379669189453 3.3826112747192383 0.8865337371826172
    endloop
  endfacet
  facet normal 0.2527339844449833 0.013208956507294116 0.9674456349452156
    outer loop
      vertex 8.935822486877441 3.8196592330932617 0.6134653091430664
      vertex 8.090169906616211 0 0.8865337371826172
      vertex 9.135454177856445 0 0.6134653091430664
    endloop
  endfacet
  facet normal 0.40485975043546907 0.06541317154519052 0.9120360187326645
    outer loop
      vertex 8.935822486877441 8.000798225402832 0.3135852813720703
      vertex 8.34565258026123 7.472382545471191 0.6134653091430664
      vertex 9.567727088928223 4.089770317077637 0.3135852813720703
    endloop
  endfacet
  facet normal 0.3242383263408099 0.14517305149197252 0.9347696469463583
    outer loop
      vertex 6.5450849533081055 14.618185997009277 0.3135852813720703
      vertex 6.112812042236328 13.652722358703613 0.6134653091430664
      vertex 7.390737533569336 10.7985258102417 0.6134653091430664
    endloop
  endfacet
  facet normal 0.06408184410617226 -0.010353684766175241 0.9978909351566007
    outer loop
      vertex 4.890737533569336 -2.0905685424804688 1.3061933517456055
      vertex 3.022642135620117 -1.2920427322387695 1.4344425201416016
      vertex 4.567727088928223 -4.089770317077637 1.3061933517456055
    endloop
  endfacet
  facet normal -0.09829727876973789 -0.067276728892203 0.9928803990088783
    outer loop
      vertex -3.3456525802612305 -11.653520584106445 1.1208572387695312
      vertex -4.477356910705566 -10 1.1208572387695312
      vertex -4.0450849533081055 -14.089770317077637 0.8865337371826172
    endloop
  endfacet
  facet normal 0.19088991151131943 -0.0854682820595469 0.9778835382830567
    outer loop
      vertex 5.413379669189453 -12.090568542480469 0.8865337371826172
      vertex 6.237612247467041 -12.471977233886719 0.6923019886016846
      vertex 6.5450849533081055 -9.56295108795166 0.8865337371826172
    endloop
  endfacet
  facet normal 0.19088991566967495 -0.08546827306041334 0.9778835382578515
    outer loop
      vertex 6.237612247467041 -12.471977233886719 0.6923019886016846
      vertex 5.413379669189453 -12.090568542480469 0.8865337371826172
      vertex 5.910228729248047 -12.956332206726074 0.7138763666152954
    endloop
  endfacet
  facet normal 0.19089034965004717 -0.08546801166682813 0.9778834763877554
    outer loop
      vertex 5.910228729248047 -12.956332206726074 0.7138763666152954
      vertex 5.413379669189453 -12.090568542480469 0.8865337371826172
      vertex 5.8332390785217285 -13.028307914733887 0.722614586353302
    endloop
  endfacet
  facet normal 0.12400899544908336 -0.055523263976904685 0.9907264689131204
    outer loop
      vertex 5.413379669189453 -7.909430503845215 1.1208572387695312
      vertex 4.477356910705566 -10 1.1208572387695312
      vertex 6.5450849533081055 -9.56295108795166 0.8865337371826172
    endloop
  endfacet
  facet normal -0.06408181519598179 -0.01035370080971391 0.9978909368466731
    outer loop
      vertex -3.022642135620117 -1.2920427322387695 1.4344425201416016
      vertex -4.567727088928223 -4.089770317077637 1.3061933517456055
      vertex -2.8230104446411133 -2.527616500854492 1.4344425201416016
    endloop
  endfacet
  facet normal -0.06814924554276666 -0.07611355116553793 0.9947675143775668
    outer loop
      vertex -3.3456525802612305 -11.653520584106445 1.1208572387695312
      vertex -4.0450849533081055 -14.089770317077637 0.8865337371826172
      vertex -2.0677270889282227 -12.797727584838867 1.1208572387695312
    endloop
  endfacet
  facet normal -0.10549521829642837 -0.11782348001555776 0.9874150021513814
    outer loop
      vertex -2.5 -15.473180770874023 0.8865337371826172
      vertex -3.4888362884521484 -14.997858047485352 0.8376046419143677
      vertex -2.5072638988494873 -15.518138885498047 0.8803930282592773
    endloop
  endfacet
  facet normal -0.10549582554271802 -0.11782476577039167 0.9874147838493268
    outer loop
      vertex -4.0450849533081055 -14.089770317077637 0.8865337371826172
      vertex -3.4888362884521484 -14.997858047485352 0.8376046419143677
      vertex -2.5 -15.473180770874023 0.8865337371826172
    endloop
  endfacet
  facet normal -0.10549599721742878 -0.1178248692758747 0.9874147531565564
    outer loop
      vertex -3.4888362884521484 -14.997858047485352 0.8376046419143677
      vertex -4.0450849533081055 -14.089770317077637 0.8865337371826172
      vertex -3.7710533142089844 -14.84826946258545 0.8253023028373718
    endloop
  endfacet
  facet normal -0.40485997378954924 -0.06541272872001441 0.9120359513443137
    outer loop
      vertex -8.34565258026123 -7.472382545471191 0.6134653091430664
      vertex -8.856916427612305 -7.313499450683594 0.3979066014289856
      vertex -8.72236442565918 -7.809675693511963 0.4220487177371979
    endloop
  endfacet
  facet normal -0.4048601292788789 -0.06541338673659679 0.9120358351270733
    outer loop
      vertex -8.34565258026123 -7.472382545471191 0.6134653091430664
      vertex -9.043331146240234 -6.626077175140381 0.36445915699005127
      vertex -8.856916427612305 -7.313499450683594 0.3979066014289856
    endloop
  endfacet
  facet normal -0.4048600047234334 -0.06541326522294819 0.912035899133479
    outer loop
      vertex -8.34565258026123 -7.472382545471191 0.6134653091430664
      vertex -9.355846405029297 -5.401155471801758 0.3135852813720703
      vertex -9.043331146240234 -6.626077175140381 0.36445915699005127
    endloop
  endfacet
  facet normal -0.40486006197687957 -0.06541329715835381 0.9120358714277362
    outer loop
      vertex -9.355846405029297 -5.401155471801758 0.3135852813720703
      vertex -8.34565258026123 -7.472382545471191 0.6134653091430664
      vertex -9.567727088928223 -4.089770317077637 0.3135852813720703
    endloop
  endfacet
  facet normal 0.05010297871858107 -0.022432903173760486 0.9984920912950298
    outer loop
      vertex 4.0450849533081055 -5.910228729248047 1.3061933517456055
      vertex 2.5 -3.6527223587036133 1.4344425201416016
      vertex 3.3456525802612305 -7.472382545471191 1.3061933517456055
    endloop
  endfacet
  facet normal 0.04471560148284504 -0.049941319148228955 0.9977506600477708
    outer loop
      vertex 2.5 -8.707956314086914 1.3061933517456055
      vertex 2.0677270889282227 -12.797727584838867 1.1208572387695312
      vertex 3.3456525802612305 -11.653520584106445 1.1208572387695312
    endloop
  endfacet
  facet normal -0.014029699759776604 -0.032821419658667174 0.9993627579293919
    outer loop
      vertex -0.3230104446411133 -6.180339813232422 1.4344425201416016
      vertex -1.5450849533081055 -9.56295108795166 1.3061933517456055
      vertex -0.5226421356201172 -10 1.3061933517456055
    endloop
  endfacet
  facet normal 0 -0.03355715749467468 0.999436799993315
    outer loop
      vertex -0.3230104446411133 -6.180339813232422 1.4344425201416016
      vertex 0.5226421356201172 -10 1.3061933517456055
      vertex 0.3230104446411133 -6.180339813232422 1.4344425201416016
    endloop
  endfacet
  facet normal 0 -0.03355715749467468 0.999436799993315
    outer loop
      vertex 0.5226421356201172 -10 1.3061933517456055
      vertex -0.3230104446411133 -6.180339813232422 1.4344425201416016
      vertex -0.5226421356201172 -10 1.3061933517456055
    endloop
  endfacet
  facet normal -0.01894276231819684 -0.012964817999329872 0.9997365079109598
    outer loop
      vertex -0.5226421356201172 -1.8204584121704102 1.5
      vertex -2.0677270889282227 -4.618185997009277 1.4344425201416016
      vertex -1.5450849533081055 -5.381813049316406 1.4344425201416016
    endloop
  endfacet
  facet normal 0.04471560148284504 0.049941319148228955 0.9977506600477708
    outer loop
      vertex 3.3456525802612305 11.653520584106445 1.1208572387695312
      vertex 2.0677270889282227 12.797727584838867 1.1208572387695312
      vertex 2.5 8.707956314086914 1.3061933517456055
    endloop
  endfacet
  facet normal 0.03064331857295761 0.004951041904022825 0.9995181210017658
    outer loop
      vertex 2.8230104446411133 2.527616500854492 1.4344425201416016
      vertex 1.0224418640136719 0.43704795837402344 1.5
      vertex 3.022642135620117 1.2920427322387695 1.4344425201416016
    endloop
  endfacet
  facet normal 0.03064331857295761 -0.004951041904022825 0.9995181210017658
    outer loop
      vertex 3.022642135620117 -1.2920427322387695 1.4344425201416016
      vertex 1.0224418640136719 -0.43704795837402344 1.5
      vertex 2.8230104446411133 -2.527616500854492 1.4344425201416016
    endloop
  endfacet
  facet normal 0.09421421387130291 0.22040742672285835 0.9708471806365925
    outer loop
      vertex 1.0224418640136719 19.562950134277344 0.3135852813720703
      vertex 0.9549140930175781 18.27090835571289 0.6134653091430664
      vertex 2.8230104446411133 17.472381591796875 0.6134653091430664
    endloop
  endfacet
  facet normal -0.8196893302960879 0.0428406223891537 0.5712040641242504
    outer loop
      vertex -9.781475067138672 4.181138038635254 0
      vertex -10 0 0
      vertex -9.567727088928223 4.089770317077637 0.3135852813720703
    endloop
  endfacet
  facet normal -0.4209421259129872 -0.022000142155122727 0.9068206660509063
    outer loop
      vertex -9.135454177856445 0 0.6134653091430664
      vertex -9.781475067138672 0 0.3135852813720703
      vertex -9.567727088928223 -4.089770317077637 0.3135852813720703
    endloop
  endfacet
  facet normal -0.8196866142024721 -0.04285097284227333 0.5712071853747627
    outer loop
      vertex -9.98280143737793 -0.04143702611327171 0.021571889519691467
      vertex -9.781475067138672 0 0.3135852813720703
      vertex -9.983041763305664 0 0.024335553869605064
    endloop
  endfacet
  facet normal -0.8196880407298905 -0.0428370010184202 0.5712061862656437
    outer loop
      vertex -9.982059478759766 -0.16973842680454254 0.013014782220125198
      vertex -9.781475067138672 0 0.3135852813720703
      vertex -9.98280143737793 -0.04143702611327171 0.021571889519691467
    endloop
  endfacet
  facet normal -0.8196870764741894 -0.04284016993081078 0.5712073323246959
    outer loop
      vertex -9.781475067138672 0 0.3135852813720703
      vertex -9.982059478759766 -0.16973842680454254 0.013014782220125198
      vertex -9.567727088928223 -4.089770317077637 0.3135852813720703
    endloop
  endfacet
  facet normal -0.09421397637570693 0.2204072318251846 0.9708472479307119
    outer loop
      vertex -1.0224418640136719 19.562950134277344 0.3135852813720703
      vertex -3.022642135620117 18.707956314086914 0.3135852813720703
      vertex -2.8230104446411133 17.472381591796875 0.6134653091430664
    endloop
  endfacet
  facet normal -0.1054961535456631 -0.1178249238800416 0.9874147299386069
    outer loop
      vertex -4.0450849533081055 -14.089770317077637 0.8865337371826172
      vertex -4.089770317077637 -14.679333686828613 0.8114088773727417
      vertex -3.7710533142089844 -14.84826946258545 0.8253023028373718
    endloop
  endfacet
  facet normal -0.10549522088681243 -0.11782500601834843 0.9874148197828604
    outer loop
      vertex -4.089770317077637 -14.679333686828613 0.8114088773727417
      vertex -4.0450849533081055 -14.089770317077637 0.8865337371826172
      vertex -4.187467098236084 -14.585712432861328 0.8121424913406372
    endloop
  endfacet
  facet normal 0.26033986509347534 0.17818201823051985 0.9489332553042967
    outer loop
      vertex 6.5450849533081055 14.618185997009277 0.3135852813720703
      vertex 4.890737533569336 17.035335540771484 0.3135852813720703
      vertex 6.112812042236328 13.652722358703613 0.6134653091430664
    endloop
  endfacet
  facet normal -0.23847271948633456 0.5578908139722636 0.7949142103058399
    outer loop
      vertex -1.0452842712402344 20 0
      vertex -3.022642135620117 18.707956314086914 0.3135852813720703
      vertex -1.0224418640136719 19.562950134277344 0.3135852813720703
    endloop
  endfacet
  facet normal 0.05409402701182478 0.1265491140332561 0.9904843047615857
    outer loop
      vertex 0.9549140930175781 18.27090835571289 0.6134653091430664
      vertex 0.8456525802612305 16.180339813232422 0.8865337371826172
      vertex 2.8230104446411133 17.472381591796875 0.6134653091430664
    endloop
  endfacet
  facet normal 0.10549587152551333 0.11782483479486278 0.9874147707000516
    outer loop
      vertex 4.567727088928223 15.910228729248047 0.6134653091430664
      vertex 2.8230104446411133 17.472381591796875 0.6134653091430664
      vertex 4.0450849533081055 14.089770317077637 0.8865337371826172
    endloop
  endfacet
  facet normal 0.24218653294002396 -0.03913003841396061 0.9694403144888357
    outer loop
      vertex 8.935822486877441 -3.8196592330932617 0.6134653091430664
      vertex 7.390737533569336 -6.617387771606445 0.8865337371826172
      vertex 8.34565258026123 -7.472382545471191 0.6134653091430664
    endloop
  endfacet
  facet normal 0.22136971986250611 -0.06355384511839647 0.9731168254113493
    outer loop
      vertex 7.390737533569336 -6.617387771606445 0.8865337371826172
      vertex 6.5450849533081055 -9.56295108795166 0.8865337371826172
      vertex 8.34565258026123 -7.472382545471191 0.6134653091430664
    endloop
  endfacet
  facet normal 0.4048595515552108 -0.06541309135689012 0.9120361127683756
    outer loop
      vertex 8.935822486877441 -3.8196592330932617 0.6134653091430664
      vertex 8.34565258026123 -7.472382545471191 0.6134653091430664
      vertex 9.567727088928223 -4.089770317077637 0.3135852813720703
    endloop
  endfacet
  facet normal 0.8196893302960879 0.0428406223891537 0.5712040641242504
    outer loop
      vertex 9.781475067138672 4.181138038635254 0
      vertex 9.567727088928223 4.089770317077637 0.3135852813720703
      vertex 10 0 0
    endloop
  endfacet
  facet normal 0.8013820027165067 0.12947925389110423 0.5839708969922079
    outer loop
      vertex 9.135454177856445 8.179540634155273 0
      vertex 8.935822486877441 8.000798225402832 0.3135852813720703
      vertex 9.567727088928223 4.089770317077637 0.3135852813720703
    endloop
  endfacet
  facet normal 0.24218650198619673 -0.039130020493915195 0.969440322945067
    outer loop
      vertex 7.913379669189453 -3.3826112747192383 0.8865337371826172
      vertex 7.390737533569336 -6.617387771606445 0.8865337371826172
      vertex 8.935822486877441 -3.8196592330932617 0.6134653091430664
    endloop
  endfacet
  facet normal 0.10892787546147348 0.005692997634118651 0.9940333534270305
    outer loop
      vertex 6.5450849533081055 2.797727584838867 1.1208572387695312
      vertex 5 0 1.3061933517456055
      vertex 6.691305160522461 0 1.1208572387695312
    endloop
  endfacet
  facet normal 0.24218650198619673 0.039130020493915195 0.969440322945067
    outer loop
      vertex 8.935822486877441 3.8196592330932617 0.6134653091430664
      vertex 7.390737533569336 6.617387771606445 0.8865337371826172
      vertex 7.913379669189453 3.3826112747192383 0.8865337371826172
    endloop
  endfacet
  facet normal 0.10892777646608963 -0.00569305300335743 0.9940333639579984
    outer loop
      vertex 5 0 1.3061933517456055
      vertex 4.890737533569336 -2.0905685424804688 1.3061933517456055
      vertex 6.5450849533081055 -2.797727584838867 1.1208572387695312
    endloop
  endfacet
  facet normal -0.058367881075637694 0.016757050758782584 0.9981544929060869
    outer loop
      vertex -4.0450849533081055 5.910228729248047 1.3061933517456055
      vertex -4.567727088928223 4.089770317077637 1.3061933517456055
      vertex -2.5 3.6527223587036133 1.4344425201416016
    endloop
  endfacet
  facet normal -0.006701253690256532 -0.015677056243328043 0.9998546509900937
    outer loop
      vertex -0.3230104446411133 -1.9992008209228516 1.5
      vertex -0.9549140930175781 -5.910228729248047 1.4344425201416016
      vertex -0.3230104446411133 -6.180339813232422 1.4344425201416016
    endloop
  endfacet
  facet normal -0.18259401412828036 0.20393318940440675 0.9618059473011528
    outer loop
      vertex -2.8230104446411133 17.472381591796875 0.6134653091430664
      vertex -4.890737533569336 17.035335540771484 0.3135852813720703
      vertex -4.567727088928223 15.910228729248047 0.6134653091430664
    endloop
  endfacet
  facet normal 0.14421563794697162 0.04140339664984574 0.9886797300022914
    outer loop
      vertex 6.5450849533081055 9.56295108795166 0.8865337371826172
      vertex 6.112812042236328 5.473180770874023 1.1208572387695312
      vertex 7.390737533569336 6.617387771606445 0.8865337371826172
    endloop
  endfacet
  facet normal 0.08155605388543122 0.03651556318472647 0.9959996103010978
    outer loop
      vertex 4.477356910705566 10 1.1208572387695312
      vertex 4.0450849533081055 5.910228729248047 1.3061933517456055
      vertex 5.413379669189453 7.909430503845215 1.1208572387695312
    endloop
  endfacet
  facet normal 0.02790528930330966 0.008011423852092067 0.9995784671133932
    outer loop
      vertex 2.5 3.6527223587036133 1.4344425201416016
      vertex 0.8456525802612305 1.2355737686157227 1.5
      vertex 2.8230104446411133 2.527616500854492 1.4344425201416016
    endloop
  endfacet
  facet normal 0.12400899544908336 0.055523263976904685 0.9907264689131204
    outer loop
      vertex 6.5450849533081055 9.56295108795166 0.8865337371826172
      vertex 4.477356910705566 10 1.1208572387695312
      vertex 5.413379669189453 7.909430503845215 1.1208572387695312
    endloop
  endfacet
  facet normal 0.09829737171659227 0.06727673815312567 0.9928803891794247
    outer loop
      vertex 5.413379669189453 12.090568542480469 0.8865337371826172
      vertex 4.0450849533081055 14.089770317077637 0.8865337371826172
      vertex 4.477356910705566 10 1.1208572387695312
    endloop
  endfacet
  facet normal 0.19088986627123136 0.08546826180393162 0.9778835488846134
    outer loop
      vertex 6.112812042236328 13.652722358703613 0.6134653091430664
      vertex 5.413379669189453 12.090568542480469 0.8865337371826172
      vertex 6.5450849533081055 9.56295108795166 0.8865337371826172
    endloop
  endfacet
  facet normal 0.6950196158497923 0.3111849989705871 0.6481601885334234
    outer loop
      vertex 8.090169906616211 11.82045841217041 0
      vertex 6.5450849533081055 14.618185997009277 0.3135852813720703
      vertex 7.913379669189453 11.562152862548828 0.3135852813720703
    endloop
  endfacet
  facet normal 0.37260995423337406 0.10697400067317207 0.921801706000905
    outer loop
      vertex 8.935822486877441 8.000798225402832 0.3135852813720703
      vertex 7.390737533569336 10.7985258102417 0.6134653091430664
      vertex 8.34565258026123 7.472382545471191 0.6134653091430664
    endloop
  endfacet
  facet normal 0.09421397637570693 0.2204072318251846 0.9708472479307119
    outer loop
      vertex 3.022642135620117 18.707956314086914 0.3135852813720703
      vertex 1.0224418640136719 19.562950134277344 0.3135852813720703
      vertex 2.8230104446411133 17.472381591796875 0.6134653091430664
    endloop
  endfacet
  facet normal 0.18259401412828036 0.20393318940440675 0.9618059473011528
    outer loop
      vertex 4.890737533569336 17.035335540771484 0.3135852813720703
      vertex 2.8230104446411133 17.472381591796875 0.6134653091430664
      vertex 4.567727088928223 15.910228729248047 0.6134653091430664
    endloop
  endfacet
  facet normal 0.06700083191122445 -0.0035017632757645503 0.997746774576177
    outer loop
      vertex 5 0 1.3061933517456055
      vertex 3.022642135620117 -1.2920427322387695 1.4344425201416016
      vertex 4.890737533569336 -2.0905685424804688 1.3061933517456055
    endloop
  endfacet
  facet normal 0.10892787546147348 -0.005692997634118651 0.9940333534270305
    outer loop
      vertex 6.691305160522461 0 1.1208572387695312
      vertex 5 0 1.3061933517456055
      vertex 6.5450849533081055 -2.797727584838867 1.1208572387695312
    endloop
  endfacet
  facet normal 0.06456673456901335 -0.04419082621711894 0.9969344550497505
    outer loop
      vertex 3.3456525802612305 -7.472382545471191 1.3061933517456055
      vertex 2.5 -8.707956314086914 1.3061933517456055
      vertex 4.477356910705566 -10 1.1208572387695312
    endloop
  endfacet
  facet normal 0.06814924554276666 -0.07611355116553793 0.9947675143775668
    outer loop
      vertex 3.3456525802612305 -11.653520584106445 1.1208572387695312
      vertex 2.0677270889282227 -12.797727584838867 1.1208572387695312
      vertex 4.0450849533081055 -14.089770317077637 0.8865337371826172
    endloop
  endfacet
  facet normal -0.08155605388543122 -0.03651556318472647 0.9959996103010978
    outer loop
      vertex -4.0450849533081055 -5.910228729248047 1.3061933517456055
      vertex -5.413379669189453 -7.909430503845215 1.1208572387695312
      vertex -4.477356910705566 -10 1.1208572387695312
    endloop
  endfacet
  facet normal -0.058367881075637694 -0.016757050758782584 0.9981544929060869
    outer loop
      vertex -2.5 -3.6527223587036133 1.4344425201416016
      vertex -4.567727088928223 -4.089770317077637 1.3061933517456055
      vertex -4.0450849533081055 -5.910228729248047 1.3061933517456055
    endloop
  endfacet
  facet normal -0.10420694071327721 -0.016836713066457124 0.9944131126449898
    outer loop
      vertex -4.567727088928223 -4.089770317077637 1.3061933517456055
      vertex -6.5450849533081055 -2.797727584838867 1.1208572387695312
      vertex -6.112812042236328 -5.473180770874023 1.1208572387695312
    endloop
  endfacet
  facet normal -0.24218653294002396 -0.03913003841396061 0.9694403144888357
    outer loop
      vertex -7.390737533569336 -6.617387771606445 0.8865337371826172
      vertex -8.935822486877441 -3.8196592330932617 0.6134653091430664
      vertex -8.34565258026123 -7.472382545471191 0.6134653091430664
    endloop
  endfacet
  facet normal -0.0320427328389968 -0.0016746925401542549 0.9994850967758871
    outer loop
      vertex -1.0452842712402344 0 1.5
      vertex -3.090169906616211 0 1.4344425201416016
      vertex -3.022642135620117 -1.2920427322387695 1.4344425201416016
    endloop
  endfacet
  facet normal -0.0583678847552731 -0.016757033372490276 0.998154492982799
    outer loop
      vertex -2.8230104446411133 -2.527616500854492 1.4344425201416016
      vertex -4.567727088928223 -4.089770317077637 1.3061933517456055
      vertex -2.5 -3.6527223587036133 1.4344425201416016
    endloop
  endfacet
  facet normal -0.06456673120001868 -0.044190831371587365 0.9969344550394637
    outer loop
      vertex -2.5 -8.707956314086914 1.3061933517456055
      vertex -4.477356910705566 -10 1.1208572387695312
      vertex -3.3456525802612305 -11.653520584106445 1.1208572387695312
    endloop
  endfacet
  facet normal -0.15176435838796962 -0.10387064091278347 0.9829437773746043
    outer loop
      vertex -5.413379669189453 -12.090568542480469 0.8865337371826172
      vertex -4.90322208404541 -13.9083890914917 0.773206353187561
      vertex -4.0450849533081055 -14.089770317077637 0.8865337371826172
    endloop
  endfacet
  facet normal -0.15176439515885143 -0.10387065081309135 0.9829437706510646
    outer loop
      vertex -4.90322208404541 -13.9083890914917 0.773206353187561
      vertex -5.413379669189453 -12.090568542480469 0.8865337371826172
      vertex -5.8332390785217285 -13.028307914733887 0.722614586353302
    endloop
  endfacet
  facet normal -0.09829737171659227 -0.06727673815312567 0.9928803891794247
    outer loop
      vertex -4.477356910705566 -10 1.1208572387695312
      vertex -5.413379669189453 -12.090568542480469 0.8865337371826172
      vertex -4.0450849533081055 -14.089770317077637 0.8865337371826172
    endloop
  endfacet
  facet normal -0.018942784403440324 -0.012964805796341768 0.9997365076507448
    outer loop
      vertex -0.6994314193725586 -1.5621528625488281 1.5
      vertex -2.0677270889282227 -4.618185997009277 1.4344425201416016
      vertex -0.5226421356201172 -1.8204584121704102 1.5
    endloop
  endfacet
  facet normal -0.05010297871858107 -0.022432903173760486 0.9984920912950298
    outer loop
      vertex -2.5 -3.6527223587036133 1.4344425201416016
      vertex -4.0450849533081055 -5.910228729248047 1.3061933517456055
      vertex -3.3456525802612305 -7.472382545471191 1.3061933517456055
    endloop
  endfacet
  facet normal 0.039642635930822595 -0.02713225079293748 0.9988454847389387
    outer loop
      vertex 3.3456525802612305 -7.472382545471191 1.3061933517456055
      vertex 1.5450849533081055 -5.381813049316406 1.4344425201416016
      vertex 2.5 -8.707956314086914 1.3061933517456055
    endloop
  endfacet
  facet normal 0.014029699759776604 -0.032821419658667174 0.9993627579293919
    outer loop
      vertex 1.5450849533081055 -9.56295108795166 1.3061933517456055
      vertex 0.3230104446411133 -6.180339813232422 1.4344425201416016
      vertex 0.5226421356201172 -10 1.3061933517456055
    endloop
  endfacet
  facet normal 0.0501029661342869 0.02243290597894267 0.998492091863469
    outer loop
      vertex 3.3456525802612305 7.472382545471191 1.3061933517456055
      vertex 2.0677270889282227 4.618185997009277 1.4344425201416016
      vertex 2.5 3.6527223587036133 1.4344425201416016
    endloop
  endfacet
  facet normal 0.02790529726995655 0.008011411653515087 0.9995784669887569
    outer loop
      vertex 2.8230104446411133 2.527616500854492 1.4344425201416016
      vertex 0.8456525802612305 1.2355737686157227 1.5
      vertex 0.9549140930175781 0.8549947738647461 1.5
    endloop
  endfacet
  facet normal -0.03064331857295761 0.004951041904022825 0.9995181210017658
    outer loop
      vertex -2.8230104446411133 2.527616500854492 1.4344425201416016
      vertex -3.022642135620117 1.2920427322387695 1.4344425201416016
      vertex -1.0224418640136719 0.43704795837402344 1.5
    endloop
  endfacet
  facet normal 0.01310894779574767 -0.014640965362870824 0.99980688016283
    outer loop
      vertex 0.5226421356201172 -1.8204584121704102 1.5
      vertex 0.3230104446411133 -1.9992008209228516 1.5
      vertex 1.5450849533081055 -5.381813049316406 1.4344425201416016
    endloop
  endfacet
  facet normal 0.06408184410617226 0.010353684766175241 0.9978909351566007
    outer loop
      vertex 4.567727088928223 4.089770317077637 1.3061933517456055
      vertex 3.022642135620117 1.2920427322387695 1.4344425201416016
      vertex 4.890737533569336 2.0905685424804688 1.3061933517456055
    endloop
  endfacet
  facet normal 0.03064331202381761 -0.004951047550097039 0.9995181211745826
    outer loop
      vertex 1.0224418640136719 -0.43704795837402344 1.5
      vertex 0.9549140930175781 -0.8549947738647461 1.5
      vertex 2.8230104446411133 -2.527616500854492 1.4344425201416016
    endloop
  endfacet
  facet normal -0.1652018114865957 -0.008634094054996476 0.9862219901733061
    outer loop
      vertex -6.691305160522461 0 1.1208572387695312
      vertex -8.090169906616211 0 0.8865337371826172
      vertex -6.5450849533081055 -2.797727584838867 1.1208572387695312
    endloop
  endfacet
  facet normal -0.4048595515552108 0.06541309135689012 0.9120361127683756
    outer loop
      vertex -8.34565258026123 7.472382545471191 0.6134653091430664
      vertex -9.567727088928223 4.089770317077637 0.3135852813720703
      vertex -8.935822486877441 3.8196592330932617 0.6134653091430664
    endloop
  endfacet
  facet normal -0.26033986509347534 0.17818201823051985 0.9489332553042967
    outer loop
      vertex -4.890737533569336 17.035335540771484 0.3135852813720703
      vertex -6.5450849533081055 14.618185997009277 0.3135852813720703
      vertex -6.112812042236328 13.652722358703613 0.6134653091430664
    endloop
  endfacet
  facet normal -0.23847339293432215 0.5578916527204518 0.7949134196170267
    outer loop
      vertex -1.0452842712402344 20 0
      vertex -3.090169906616211 19.125904083251953 0
      vertex -3.022642135620117 18.707956314086914 0.3135852813720703
    endloop
  endfacet
  facet normal 0 0.5829686388534613 0.8124946560521754
    outer loop
      vertex 1.0452842712402344 20 0
      vertex -1.0224418640136719 19.562950134277344 0.3135852813720703
      vertex 1.0224418640136719 19.562950134277344 0.3135852813720703
    endloop
  endfacet
  facet normal 0 0.5829686388534612 0.8124946560521754
    outer loop
      vertex -1.0224418640136719 19.562950134277344 0.3135852813720703
      vertex 1.0452842712402344 20 0
      vertex -1.0452842712402344 20 0
    endloop
  endfacet
  facet normal 0.42094165857202964 -0.022000207342105855 0.9068208814068704
    outer loop
      vertex 9.135454177856445 0 0.6134653091430664
      vertex 8.935822486877441 -3.8196592330932617 0.6134653091430664
      vertex 9.567727088928223 -4.089770317077637 0.3135852813720703
    endloop
  endfacet
  facet normal 0.19088999087349962 -0.08546830301427372 0.9778835209595137
    outer loop
      vertex 6.5450849533081055 -9.56295108795166 0.8865337371826172
      vertex 6.799371719360352 -11.640870094299316 0.6552822589874268
      vertex 7.379662990570068 -10.782344818115234 0.6170414090156555
    endloop
  endfacet
  facet normal 0.190890048971287 -0.0854682947230134 0.9778835103430673
    outer loop
      vertex 6.799371719360352 -11.640870094299316 0.6552822589874268
      vertex 6.5450849533081055 -9.56295108795166 0.8865337371826172
      vertex 6.237612247467041 -12.471977233886719 0.6923019886016846
    endloop
  endfacet
  facet normal 0.09495643871563342 -0.02726139503623761 0.9951080801034238
    outer loop
      vertex 4.567727088928223 -4.089770317077637 1.3061933517456055
      vertex 4.0450849533081055 -5.910228729248047 1.3061933517456055
      vertex 6.112812042236328 -5.473180770874023 1.1208572387695312
    endloop
  endfacet
  facet normal 0.09495644241203219 -0.02726141288123928 0.9951080792618303
    outer loop
      vertex 6.112812042236328 -5.473180770874023 1.1208572387695312
      vertex 4.0450849533081055 -5.910228729248047 1.3061933517456055
      vertex 5.413379669189453 -7.909430503845215 1.1208572387695312
    endloop
  endfacet
  facet normal 0.22136973981475513 -0.06355386304871376 0.9731168197014852
    outer loop
      vertex 6.5450849533081055 -9.56295108795166 0.8865337371826172
      vertex 7.40681791305542 -10.742515563964844 0.6134653091430664
      vertex 8.34565258026123 -7.472382545471191 0.6134653091430664
    endloop
  endfacet
  facet normal 0.22136953087700345 -0.06355402425449151 0.9731168567034253
    outer loop
      vertex 7.40681791305542 -10.742515563964844 0.6134653091430664
      vertex 6.5450849533081055 -9.56295108795166 0.8865337371826172
      vertex 7.379662990570068 -10.782344818115234 0.6170414090156555
    endloop
  endfacet
  facet normal 0.3726094688737613 -0.10697450133500797 0.9218018440910931
    outer loop
      vertex 8.34565258026123 -7.472382545471191 0.6134653091430664
      vertex 8.707956314086914 -7.863386154174805 0.42163968086242676
      vertex 8.72236442565918 -7.809675693511963 0.4220487177371979
    endloop
  endfacet
  facet normal 0.37260994631660727 -0.10697399318616675 0.9218017100698722
    outer loop
      vertex 8.707956314086914 -7.863386154174805 0.42163968086242676
      vertex 8.34565258026123 -7.472382545471191 0.6134653091430664
      vertex 8.446429252624512 -8.45272159576416 0.45896226167678833
    endloop
  endfacet
  facet normal 0.37260995615753617 -0.10697399157704872 0.921801706278716
    outer loop
      vertex 8.34565258026123 -7.472382545471191 0.6134653091430664
      vertex 7.472382545471191 -10.647677421569824 0.5979686379432678
      vertex 8.446429252624512 -8.45272159576416 0.45896226167678833
    endloop
  endfacet
  facet normal 0.37261076990448083 -0.1069742136427571 0.9218013515756546
    outer loop
      vertex 7.472382545471191 -10.647677421569824 0.5979686379432678
      vertex 8.34565258026123 -7.472382545471191 0.6134653091430664
      vertex 7.40681791305542 -10.742515563964844 0.6134653091430664
    endloop
  endfacet
  facet normal 0.16520197444708717 -0.008634186406268 0.9862219620673055
    outer loop
      vertex 8.090169906616211 0 0.8865337371826172
      vertex 6.5450849533081055 -2.797727584838867 1.1208572387695312
      vertex 7.913379669189453 -3.3826112747192383 0.8865337371826172
    endloop
  endfacet
  facet normal 0.1581208045211671 -0.02554754402365606 0.9870892230046575
    outer loop
      vertex 7.913379669189453 -3.3826112747192383 0.8865337371826172
      vertex 6.5450849533081055 -2.797727584838867 1.1208572387695312
      vertex 7.390737533569336 -6.617387771606445 0.8865337371826172
    endloop
  endfacet
  facet normal 0.42094165857202964 0.022000207342105855 0.9068208814068704
    outer loop
      vertex 9.567727088928223 4.089770317077637 0.3135852813720703
      vertex 8.935822486877441 3.8196592330932617 0.6134653091430664
      vertex 9.135454177856445 0 0.6134653091430664
    endloop
  endfacet
  facet normal 0.4048595515552108 0.06541309135689012 0.9120361127683756
    outer loop
      vertex 9.567727088928223 4.089770317077637 0.3135852813720703
      vertex 8.34565258026123 7.472382545471191 0.6134653091430664
      vertex 8.935822486877441 3.8196592330932617 0.6134653091430664
    endloop
  endfacet
  facet normal -0.06700083191122445 0.0035017632757645503 0.997746774576177
    outer loop
      vertex -4.890737533569336 2.0905685424804688 1.3061933517456055
      vertex -5 0 1.3061933517456055
      vertex -3.022642135620117 1.2920427322387695 1.4344425201416016
    endloop
  endfacet
  facet normal -0.10892787546147348 -0.005692997634118651 0.9940333534270305
    outer loop
      vertex -5 0 1.3061933517456055
      vertex -6.691305160522461 0 1.1208572387695312
      vertex -6.5450849533081055 -2.797727584838867 1.1208572387695312
    endloop
  endfacet
  facet normal 0.039642643373851344 0.027132244374971744 0.9988454846178715
    outer loop
      vertex 3.3456525802612305 7.472382545471191 1.3061933517456055
      vertex 1.5450849533081055 5.381813049316406 1.4344425201416016
      vertex 2.0677270889282227 4.618185997009277 1.4344425201416016
    endloop
  endfacet
  facet normal 0.0583678847552731 0.016757033372490276 0.998154492982799
    outer loop
      vertex 4.567727088928223 4.089770317077637 1.3061933517456055
      vertex 2.5 3.6527223587036133 1.4344425201416016
      vertex 2.8230104446411133 2.527616500854492 1.4344425201416016
    endloop
  endfacet
  facet normal 0.032042715223040905 0.0016747195261877634 0.9994850972954243
    outer loop
      vertex 3.022642135620117 1.2920427322387695 1.4344425201416016
      vertex 1.0224418640136719 0.43704795837402344 1.5
      vertex 1.0452842712402344 0 1.5
    endloop
  endfacet
  facet normal 0.06456673456901335 0.04419082621711894 0.9969344550497505
    outer loop
      vertex 4.477356910705566 10 1.1208572387695312
      vertex 2.5 8.707956314086914 1.3061933517456055
      vertex 3.3456525802612305 7.472382545471191 1.3061933517456055
    endloop
  endfacet
  facet normal 0.08155603328352738 0.03651556543497201 0.9959996119055572
    outer loop
      vertex 4.477356910705566 10 1.1208572387695312
      vertex 3.3456525802612305 7.472382545471191 1.3061933517456055
      vertex 4.0450849533081055 5.910228729248047 1.3061933517456055
    endloop
  endfacet
  facet normal 0.37260997036429055 0.1069740104016171 0.921801698351504
    outer loop
      vertex 7.913379669189453 11.562152862548828 0.3135852813720703
      vertex 7.390737533569336 10.7985258102417 0.6134653091430664
      vertex 8.935822486877441 8.000798225402832 0.3135852813720703
    endloop
  endfacet
  facet normal 0.7618661751240038 0.2187270514062606 0.6096871395929586
    outer loop
      vertex 8.090169906616211 11.82045841217041 0
      vertex 7.913379669189453 11.562152862548828 0.3135852813720703
      vertex 8.935822486877441 8.000798225402832 0.3135852813720703
    endloop
  endfacet
  facet normal 0.6950209155949308 0.3111859226974778 0.6481583513312956
    outer loop
      vertex 6.691305160522461 14.944765090942383 0
      vertex 6.5450849533081055 14.618185997009277 0.3135852813720703
      vertex 8.090169906616211 11.82045841217041 0
    endloop
  endfacet
  facet normal 0.44062527873562407 0.492119077399991 0.7507783810140882
    outer loop
      vertex 5 17.415912628173828 0
      vertex 3.090169906616211 19.125904083251953 0
      vertex 4.890737533569336 17.035335540771484 0.3135852813720703
    endloop
  endfacet
  facet normal 0.18259403354875736 0.2039332998891867 0.9618059201880088
    outer loop
      vertex 3.022642135620117 18.707956314086914 0.3135852813720703
      vertex 2.8230104446411133 17.472381591796875 0.6134653091430664
      vertex 4.890737533569336 17.035335540771484 0.3135852813720703
    endloop
  endfacet
  facet normal 0.022869966237208206 -0.05350273277693332 0.9983057759172331
    outer loop
      vertex 2.0677270889282227 -12.797727584838867 1.1208572387695312
      vertex 0.5226421356201172 -10 1.3061933517456055
      vertex 0.6994314193725586 -13.382611274719238 1.1208572387695312
    endloop
  endfacet
  facet normal 0.1517643787774717 -0.10387074630337903 0.982943763089561
    outer loop
      vertex 4.0450849533081055 -14.089770317077637 0.8865337371826172
      vertex 4.784161567687988 -14.02105712890625 0.7796830534934998
      vertex 4.90322208404541 -13.9083890914917 0.773206353187561
    endloop
  endfacet
  facet normal 0.15176437813839508 -0.1038707378942285 0.9829437640768542
    outer loop
      vertex 4.784161567687988 -14.02105712890625 0.7796830534934998
      vertex 4.0450849533081055 -14.089770317077637 0.8865337371826172
      vertex 4.187467098236084 -14.585712432861328 0.8121424913406372
    endloop
  endfacet
  facet normal 0.06456673120001868 -0.044190831371587365 0.9969344550394637
    outer loop
      vertex 4.477356910705566 -10 1.1208572387695312
      vertex 2.5 -8.707956314086914 1.3061933517456055
      vertex 3.3456525802612305 -11.653520584106445 1.1208572387695312
    endloop
  endfacet
  facet normal -0.15812072602158356 -0.025547562145695753 0.9870892351103921
    outer loop
      vertex -6.5450849533081055 -2.797727584838867 1.1208572387695312
      vertex -7.390737533569336 -6.617387771606445 0.8865337371826172
      vertex -6.112812042236328 -5.473180770874023 1.1208572387695312
    endloop
  endfacet
  facet normal -0.24218650198619673 -0.039130020493915195 0.969440322945067
    outer loop
      vertex -7.913379669189453 -3.3826112747192383 0.8865337371826172
      vertex -8.935822486877441 -3.8196592330932617 0.6134653091430664
      vertex -7.390737533569336 -6.617387771606445 0.8865337371826172
    endloop
  endfacet
  facet normal -0.14421556438030653 -0.04140340502030337 0.9886797403826956
    outer loop
      vertex -6.112812042236328 -5.473180770874023 1.1208572387695312
      vertex -6.5450849533081055 -9.56295108795166 0.8865337371826172
      vertex -5.413379669189453 -7.909430503845215 1.1208572387695312
    endloop
  endfacet
  facet normal -0.12400899544908336 -0.055523263976904685 0.9907264689131204
    outer loop
      vertex -5.413379669189453 -7.909430503845215 1.1208572387695312
      vertex -6.5450849533081055 -9.56295108795166 0.8865337371826172
      vertex -4.477356910705566 -10 1.1208572387695312
    endloop
  endfacet
  facet normal -0.02394763619336131 0.01072222091011029 0.999655713083012
    outer loop
      vertex -2.0677270889282227 4.618185997009277 1.4344425201416016
      vertex -2.5 3.6527223587036133 1.4344425201416016
      vertex -0.6994314193725586 1.5621528625488281 1.5
    endloop
  endfacet
  facet normal -0.05409427355075061 -0.12654965362317858 0.9904842223563534
    outer loop
      vertex -2.5 -15.473180770874023 0.8865337371826172
      vertex -2.0905685424804688 -15.743695259094238 0.8743320107460022
      vertex -1.7228151559829712 -15.805392265319824 0.8865337371826172
    endloop
  endfacet
  facet normal -0.05409304375767872 -0.12654780597324908 0.990484525583508
    outer loop
      vertex -2.0905685424804688 -15.743695259094238 0.8743320107460022
      vertex -2.5 -15.473180770874023 0.8865337371826172
      vertex -2.5072638988494873 -15.518138885498047 0.8803930282592773
    endloop
  endfacet
  facet normal -0.12400900110043064 -0.05552329193334963 0.9907264666389798
    outer loop
      vertex -4.477356910705566 -10 1.1208572387695312
      vertex -6.5450849533081055 -9.56295108795166 0.8865337371826172
      vertex -5.413379669189453 -12.090568542480469 0.8865337371826172
    endloop
  endfacet
  facet normal -0.19089034965004717 -0.08546801166682813 0.9778834763877554
    outer loop
      vertex -5.413379669189453 -12.090568542480469 0.8865337371826172
      vertex -5.910228729248047 -12.956332206726074 0.7138763666152954
      vertex -5.8332390785217285 -13.028307914733887 0.722614586353302
    endloop
  endfacet
  facet normal -0.19088991566967495 -0.08546827306041334 0.9778835382578515
    outer loop
      vertex -5.413379669189453 -12.090568542480469 0.8865337371826172
      vertex -6.237612247467041 -12.471977233886719 0.6923019886016846
      vertex -5.910228729248047 -12.956332206726074 0.7138763666152954
    endloop
  endfacet
  facet normal -0.19088991151131943 -0.0854682820595469 0.9778835382830567
    outer loop
      vertex -6.237612247467041 -12.471977233886719 0.6923019886016846
      vertex -5.413379669189453 -12.090568542480469 0.8865337371826172
      vertex -6.5450849533081055 -9.56295108795166 0.8865337371826172
    endloop
  endfacet
  facet normal -0.15176437813839508 -0.1038707378942285 0.9829437640768542
    outer loop
      vertex -4.0450849533081055 -14.089770317077637 0.8865337371826172
      vertex -4.784161567687988 -14.02105712890625 0.7796830534934998
      vertex -4.187467098236084 -14.585712432861328 0.8121424913406372
    endloop
  endfacet
  facet normal -0.1517643787774717 -0.10387074630337903 0.982943763089561
    outer loop
      vertex -4.784161567687988 -14.02105712890625 0.7796830534934998
      vertex -4.0450849533081055 -14.089770317077637 0.8865337371826172
      vertex -4.90322208404541 -13.9083890914917 0.773206353187561
    endloop
  endfacet
  facet normal -0.06814922047339259 -0.07611358931411782 0.9947675131761142
    outer loop
      vertex -2.0677270889282227 -12.797727584838867 1.1208572387695312
      vertex -4.0450849533081055 -14.089770317077637 0.8865337371826172
      vertex -2.5 -15.473180770874023 0.8865337371826172
    endloop
  endfacet
  facet normal -0.022870028306500353 -0.053502698525688036 0.9983057763309442
    outer loop
      vertex -1.5450849533081055 -9.56295108795166 1.3061933517456055
      vertex -2.0677270889282227 -12.797727584838867 1.1208572387695312
      vertex -0.5226421356201172 -10 1.3061933517456055
    endloop
  endfacet
  facet normal 0.02790528930330966 -0.008011423852092067 0.9995784671133932
    outer loop
      vertex 2.8230104446411133 -2.527616500854492 1.4344425201416016
      vertex 0.8456525802612305 -1.2355737686157227 1.5
      vertex 2.5 -3.6527223587036133 1.4344425201416016
    endloop
  endfacet
  facet normal -0.06456673456901335 -0.04419082621711894 0.9969344550497505
    outer loop
      vertex -3.3456525802612305 -7.472382545471191 1.3061933517456055
      vertex -4.477356910705566 -10 1.1208572387695312
      vertex -2.5 -8.707956314086914 1.3061933517456055
    endloop
  endfacet
  facet normal -0.039642635930822595 -0.02713225079293748 0.9988454847389387
    outer loop
      vertex -1.5450849533081055 -5.381813049316406 1.4344425201416016
      vertex -3.3456525802612305 -7.472382545471191 1.3061933517456055
      vertex -2.5 -8.707956314086914 1.3061933517456055
    endloop
  endfacet
  facet normal 0.022870028306500353 -0.053502698525688036 0.9983057763309442
    outer loop
      vertex 1.5450849533081055 -9.56295108795166 1.3061933517456055
      vertex 0.5226421356201172 -10 1.3061933517456055
      vertex 2.0677270889282227 -12.797727584838867 1.1208572387695312
    endloop
  endfacet
  facet normal 0.04471556246739875 -0.049941315112839696 0.9977506619982892
    outer loop
      vertex 2.5 -8.707956314086914 1.3061933517456055
      vertex 1.5450849533081055 -9.56295108795166 1.3061933517456055
      vertex 2.0677270889282227 -12.797727584838867 1.1208572387695312
    endloop
  endfacet
  facet normal 0.014029714534145801 -0.03282141431974662 0.9993627578973222
    outer loop
      vertex 0.9549140930175781 -5.910228729248047 1.4344425201416016
      vertex 0.3230104446411133 -6.180339813232422 1.4344425201416016
      vertex 1.5450849533081055 -9.56295108795166 1.3061933517456055
    endloop
  endfacet
  facet normal 0.039642643373851344 -0.027132244374971744 0.9988454846178715
    outer loop
      vertex 2.0677270889282227 -4.618185997009277 1.4344425201416016
      vertex 1.5450849533081055 -5.381813049316406 1.4344425201416016
      vertex 3.3456525802612305 -7.472382545471191 1.3061933517456055
    endloop
  endfacet
  facet normal -0.03064331857295761 -0.004951041904022825 0.9995181210017658
    outer loop
      vertex -1.0224418640136719 -0.43704795837402344 1.5
      vertex -3.022642135620117 -1.2920427322387695 1.4344425201416016
      vertex -2.8230104446411133 -2.527616500854492 1.4344425201416016
    endloop
  endfacet
  facet normal -0.02790529726995655 -0.008011411653515087 0.9995784669887569
    outer loop
      vertex -0.9549140930175781 -0.8549947738647461 1.5
      vertex -2.8230104446411133 -2.527616500854492 1.4344425201416016
      vertex -0.8456525802612305 -1.2355737686157227 1.5
    endloop
  endfacet
  facet normal 0.0320427328389968 0.0016746925401542549 0.9994850967758871
    outer loop
      vertex 3.022642135620117 1.2920427322387695 1.4344425201416016
      vertex 1.0452842712402344 0 1.5
      vertex 3.090169906616211 0 1.4344425201416016
    endloop
  endfacet
  facet normal 0.0320427328389968 -0.0016746925401542549 0.9994850967758871
    outer loop
      vertex 3.090169906616211 0 1.4344425201416016
      vertex 1.0452842712402344 0 1.5
      vertex 3.022642135620117 -1.2920427322387695 1.4344425201416016
    endloop
  endfacet
  facet normal -0.6950196158497923 0.3111849989705871 0.6481601885334234
    outer loop
      vertex -6.5450849533081055 14.618185997009277 0.3135852813720703
      vertex -8.090169906616211 11.82045841217041 0
      vertex -7.913379669189453 11.562152862548828 0.3135852813720703
    endloop
  endfacet
  facet normal -0.59145454516114 0.40480379180724746 0.6973631845363673
    outer loop
      vertex -5 17.415912628173828 0
      vertex -6.5450849533081055 14.618185997009277 0.3135852813720703
      vertex -4.890737533569336 17.035335540771484 0.3135852813720703
    endloop
  endfacet
  facet normal -0.8013830440392045 0.12947925437672764 0.5839694678769645
    outer loop
      vertex -9.135454177856445 8.179540634155273 0
      vertex -9.781475067138672 4.181138038635254 0
      vertex -9.567727088928223 4.089770317077637 0.3135852813720703
    endloop
  endfacet
  facet normal -0.7618669435622426 0.21872714008873526 0.609686147534721
    outer loop
      vertex -8.090169906616211 11.82045841217041 0
      vertex -9.135454177856445 8.179540634155273 0
      vertex -8.935822486877441 8.000798225402832 0.3135852813720703
    endloop
  endfacet
  facet normal -0.10420694071327721 0.016836713066457124 0.9944131126449898
    outer loop
      vertex -6.112812042236328 5.473180770874023 1.1208572387695312
      vertex -6.5450849533081055 2.797727584838867 1.1208572387695312
      vertex -4.567727088928223 4.089770317077637 1.3061933517456055
    endloop
  endfacet
  facet normal -0.06456673120001868 0.044190831371587365 0.9969344550394637
    outer loop
      vertex -3.3456525802612305 11.653520584106445 1.1208572387695312
      vertex -4.477356910705566 10 1.1208572387695312
      vertex -2.5 8.707956314086914 1.3061933517456055
    endloop
  endfacet
  facet normal -0.37260995423337406 0.10697400067317207 0.921801706000905
    outer loop
      vertex -7.390737533569336 10.7985258102417 0.6134653091430664
      vertex -8.935822486877441 8.000798225402832 0.3135852813720703
      vertex -8.34565258026123 7.472382545471191 0.6134653091430664
    endloop
  endfacet
  facet normal -0.10892777646608963 0.00569305300335743 0.9940333639579984
    outer loop
      vertex -4.890737533569336 2.0905685424804688 1.3061933517456055
      vertex -6.5450849533081055 2.797727584838867 1.1208572387695312
      vertex -5 0 1.3061933517456055
    endloop
  endfacet
  facet normal -0.37261076990448083 -0.1069742136427571 0.9218013515756546
    outer loop
      vertex -8.34565258026123 -7.472382545471191 0.6134653091430664
      vertex -7.472382545471191 -10.647677421569824 0.5979686379432678
      vertex -7.40681791305542 -10.742515563964844 0.6134653091430664
    endloop
  endfacet
  facet normal -0.37260995615753617 -0.10697399157704872 0.921801706278716
    outer loop
      vertex -8.34565258026123 -7.472382545471191 0.6134653091430664
      vertex -8.446429252624512 -8.45272159576416 0.45896226167678833
      vertex -7.472382545471191 -10.647677421569824 0.5979686379432678
    endloop
  endfacet
  facet normal -0.37260994631660727 -0.10697399318616675 0.9218017100698722
    outer loop
      vertex -8.34565258026123 -7.472382545471191 0.6134653091430664
      vertex -8.707956314086914 -7.863386154174805 0.42163968086242676
      vertex -8.446429252624512 -8.45272159576416 0.45896226167678833
    endloop
  endfacet
  facet normal -0.3726094688737613 -0.10697450133500797 0.9218018440910931
    outer loop
      vertex -8.707956314086914 -7.863386154174805 0.42163968086242676
      vertex -8.34565258026123 -7.472382545471191 0.6134653091430664
      vertex -8.72236442565918 -7.809675693511963 0.4220487177371979
    endloop
  endfacet
  facet normal -0.8013785894484854 -0.129479074936494 0.5839756206616381
    outer loop
      vertex -9.384910583496094 -5.2916436195373535 0.29798153042793274
      vertex -9.567727088928223 -4.089770317077637 0.3135852813720703
      vertex -9.477612495422363 -4.94235372543335 0.2482130229473114
    endloop
  endfacet
  facet normal -0.8013866698511678 -0.1294801569652273 0.5839642920051838
    outer loop
      vertex -9.567727088928223 -4.089770317077637 0.3135852813720703
      vertex -9.384910583496094 -5.2916436195373535 0.29798153042793274
      vertex -9.355846405029297 -5.401155471801758 0.3135852813720703
    endloop
  endfacet
  facet normal -0.18259403354875736 0.2039332998891867 0.9618059201880088
    outer loop
      vertex -3.022642135620117 18.707956314086914 0.3135852813720703
      vertex -4.890737533569336 17.035335540771484 0.3135852813720703
      vertex -2.8230104446411133 17.472381591796875 0.6134653091430664
    endloop
  endfacet
  facet normal 0.8196869944487509 0.04284016564382881 0.5712074503533567
    outer loop
      vertex 9.983041763305664 0 0.024335553869605064
      vertex 9.567727088928223 4.089770317077637 0.3135852813720703
      vertex 9.781475067138672 0 0.3135852813720703
    endloop
  endfacet
  facet normal 0.8196908911169788 0.04284096104849258 0.5712017989084898
    outer loop
      vertex 9.567727088928223 4.089770317077637 0.3135852813720703
      vertex 9.983041763305664 0 0.024335553869605064
      vertex 10 0 0
    endloop
  endfacet
  facet normal 0.4209421259129872 0.022000142155122727 0.9068206660509063
    outer loop
      vertex 9.567727088928223 4.089770317077637 0.3135852813720703
      vertex 9.135454177856445 0 0.6134653091430664
      vertex 9.781475067138672 0 0.3135852813720703
    endloop
  endfacet
  facet normal 0.1042069203877603 -0.016836681578033263 0.9944131153080892
    outer loop
      vertex 4.890737533569336 -2.0905685424804688 1.3061933517456055
      vertex 4.567727088928223 -4.089770317077637 1.3061933517456055
      vertex 6.5450849533081055 -2.797727584838867 1.1208572387695312
    endloop
  endfacet
  facet normal 0.10420694071327721 -0.016836713066457124 0.9944131126449898
    outer loop
      vertex 6.5450849533081055 -2.797727584838867 1.1208572387695312
      vertex 4.567727088928223 -4.089770317077637 1.3061933517456055
      vertex 6.112812042236328 -5.473180770874023 1.1208572387695312
    endloop
  endfacet
  facet normal 0.16520197444708717 0.008634186406268 0.9862219620673055
    outer loop
      vertex 7.913379669189453 3.3826112747192383 0.8865337371826172
      vertex 6.5450849533081055 2.797727584838867 1.1208572387695312
      vertex 8.090169906616211 0 0.8865337371826172
    endloop
  endfacet
  facet normal 0.25273384689627393 0.013208989496518104 0.967445670427798
    outer loop
      vertex 8.935822486877441 3.8196592330932617 0.6134653091430664
      vertex 7.913379669189453 3.3826112747192383 0.8865337371826172
      vertex 8.090169906616211 0 0.8865337371826172
    endloop
  endfacet
  facet normal -0.006701253690256532 0.015677056243328043 0.9998546509900937
    outer loop
      vertex -0.3230104446411133 6.180339813232422 1.4344425201416016
      vertex -0.9549140930175781 5.910228729248047 1.4344425201416016
      vertex -0.3230104446411133 1.9992008209228516 1.5
    endloop
  endfacet
  facet normal -0.01310894779574767 0.014640965362870824 0.99980688016283
    outer loop
      vertex -0.3230104446411133 1.9992008209228516 1.5
      vertex -1.5450849533081055 5.381813049316406 1.4344425201416016
      vertex -0.5226421356201172 1.8204584121704102 1.5
    endloop
  endfacet
  facet normal -0.032042715223040905 -0.0016747195261877634 0.9994850972954243
    outer loop
      vertex -1.0452842712402344 0 1.5
      vertex -3.022642135620117 -1.2920427322387695 1.4344425201416016
      vertex -1.0224418640136719 -0.43704795837402344 1.5
    endloop
  endfacet
  facet normal 0.032042715223040905 -0.0016747195261877634 0.9994850972954243
    outer loop
      vertex 1.0452842712402344 0 1.5
      vertex 1.0224418640136719 -0.43704795837402344 1.5
      vertex 3.022642135620117 -1.2920427322387695 1.4344425201416016
    endloop
  endfacet
  facet normal 0.03488087198530646 0.08160143104278084 0.9960544820547292
    outer loop
      vertex 0.8456525802612305 16.180339813232422 0.8865337371826172
      vertex 0.6994314193725586 13.382611274719238 1.1208572387695312
      vertex 2.0677270889282227 12.797727584838867 1.1208572387695312
    endloop
  endfacet
  facet normal -0.09421421387130291 0.22040742672285835 0.9708471806365925
    outer loop
      vertex -1.0224418640136719 19.562950134277344 0.3135852813720703
      vertex -2.8230104446411133 17.472381591796875 0.6134653091430664
      vertex -0.9549140930175781 18.27090835571289 0.6134653091430664
    endloop
  endfacet
  facet normal -0.14421556438030653 0.04140340502030337 0.9886797403826956
    outer loop
      vertex -5.413379669189453 7.909430503845215 1.1208572387695312
      vertex -6.5450849533081055 9.56295108795166 0.8865337371826172
      vertex -6.112812042236328 5.473180770874023 1.1208572387695312
    endloop
  endfacet
  facet normal 0.06456673120001868 0.044190831371587365 0.9969344550394637
    outer loop
      vertex 3.3456525802612305 11.653520584106445 1.1208572387695312
      vertex 2.5 8.707956314086914 1.3061933517456055
      vertex 4.477356910705566 10 1.1208572387695312
    endloop
  endfacet
  facet normal 0.06814924554276666 0.07611355116553793 0.9947675143775668
    outer loop
      vertex 4.0450849533081055 14.089770317077637 0.8865337371826172
      vertex 2.0677270889282227 12.797727584838867 1.1208572387695312
      vertex 3.3456525802612305 11.653520584106445 1.1208572387695312
    endloop
  endfacet
  facet normal 0.10420694071327721 0.016836713066457124 0.9944131126449898
    outer loop
      vertex 6.112812042236328 5.473180770874023 1.1208572387695312
      vertex 4.567727088928223 4.089770317077637 1.3061933517456055
      vertex 6.5450849533081055 2.797727584838867 1.1208572387695312
    endloop
  endfacet
  facet normal 0.09495643871563342 0.02726139503623761 0.9951080801034238
    outer loop
      vertex 6.112812042236328 5.473180770874023 1.1208572387695312
      vertex 4.0450849533081055 5.910228729248047 1.3061933517456055
      vertex 4.567727088928223 4.089770317077637 1.3061933517456055
    endloop
  endfacet
  facet normal 0.02394763619336131 0.01072222091011029 0.999655713083012
    outer loop
      vertex 2.0677270889282227 4.618185997009277 1.4344425201416016
      vertex 0.6994314193725586 1.5621528625488281 1.5
      vertex 2.5 3.6527223587036133 1.4344425201416016
    endloop
  endfacet
  facet normal 0.023947640928657605 0.010722216829503008 0.9996557130133421
    outer loop
      vertex 2.5 3.6527223587036133 1.4344425201416016
      vertex 0.6994314193725586 1.5621528625488281 1.5
      vertex 0.8456525802612305 1.2355737686157227 1.5
    endloop
  endfacet
  facet normal 0.23847339293432215 0.5578916527204518 0.7949134196170267
    outer loop
      vertex 3.090169906616211 19.125904083251953 0
      vertex 1.0452842712402344 20 0
      vertex 3.022642135620117 18.707956314086914 0.3135852813720703
    endloop
  endfacet
  facet normal 0.23847271948633456 0.5578908139722636 0.7949142103058399
    outer loop
      vertex 1.0452842712402344 20 0
      vertex 1.0224418640136719 19.562950134277344 0.3135852813720703
      vertex 3.022642135620117 18.707956314086914 0.3135852813720703
    endloop
  endfacet
  facet normal 0.15176442591731798 0.10387077263296492 0.9829437530289402
    outer loop
      vertex 4.567727088928223 15.910228729248047 0.6134653091430664
      vertex 4.0450849533081055 14.089770317077637 0.8865337371826172
      vertex 6.112812042236328 13.652722358703613 0.6134653091430664
    endloop
  endfacet
  facet normal 0.2603396554809992 0.1781819487561843 0.9489333258567132
    outer loop
      vertex 4.890737533569336 17.035335540771484 0.3135852813720703
      vertex 4.567727088928223 15.910228729248047 0.6134653091430664
      vertex 6.112812042236328 13.652722358703613 0.6134653091430664
    endloop
  endfacet
  facet normal 0.10549522088681243 -0.11782500601834843 0.9874148197828604
    outer loop
      vertex 4.0450849533081055 -14.089770317077637 0.8865337371826172
      vertex 4.089770317077637 -14.679333686828613 0.8114088773727417
      vertex 4.187467098236084 -14.585712432861328 0.8121424913406372
    endloop
  endfacet
  facet normal 0.1054961535456631 -0.1178249238800416 0.9874147299386069
    outer loop
      vertex 4.089770317077637 -14.679333686828613 0.8114088773727417
      vertex 4.0450849533081055 -14.089770317077637 0.8865337371826172
      vertex 3.7710533142089844 -14.84826946258545 0.8253023028373718
    endloop
  endfacet
  facet normal 0.05409304375767872 -0.12654780597324908 0.990484525583508
    outer loop
      vertex 2.5 -15.473180770874023 0.8865337371826172
      vertex 2.0905685424804688 -15.743695259094238 0.8743320107460022
      vertex 2.5072638988494873 -15.518138885498047 0.8803930282592773
    endloop
  endfacet
  facet normal 0.05409427355075061 -0.12654965362317858 0.9904842223563534
    outer loop
      vertex 2.0905685424804688 -15.743695259094238 0.8743320107460022
      vertex 2.5 -15.473180770874023 0.8865337371826172
      vertex 1.7228151559829712 -15.805392265319824 0.8865337371826172
    endloop
  endfacet
  facet normal -0.1581208045211671 -0.02554754402365606 0.9870892230046575
    outer loop
      vertex -6.5450849533081055 -2.797727584838867 1.1208572387695312
      vertex -7.913379669189453 -3.3826112747192383 0.8865337371826172
      vertex -7.390737533569336 -6.617387771606445 0.8865337371826172
    endloop
  endfacet
  facet normal -0.16520197444708717 -0.008634186406268 0.9862219620673055
    outer loop
      vertex -6.5450849533081055 -2.797727584838867 1.1208572387695312
      vertex -8.090169906616211 0 0.8865337371826172
      vertex -7.913379669189453 -3.3826112747192383 0.8865337371826172
    endloop
  endfacet
  facet normal -0.22136953087700345 -0.06355402425449151 0.9731168567034253
    outer loop
      vertex -6.5450849533081055 -9.56295108795166 0.8865337371826172
      vertex -7.40681791305542 -10.742515563964844 0.6134653091430664
      vertex -7.379662990570068 -10.782344818115234 0.6170414090156555
    endloop
  endfacet
  facet normal -0.22136973981475513 -0.06355386304871376 0.9731168197014852
    outer loop
      vertex -7.40681791305542 -10.742515563964844 0.6134653091430664
      vertex -6.5450849533081055 -9.56295108795166 0.8865337371826172
      vertex -8.34565258026123 -7.472382545471191 0.6134653091430664
    endloop
  endfacet
  facet normal -0.22136971986250611 -0.06355384511839647 0.9731168254113493
    outer loop
      vertex -7.390737533569336 -6.617387771606445 0.8865337371826172
      vertex -8.34565258026123 -7.472382545471191 0.6134653091430664
      vertex -6.5450849533081055 -9.56295108795166 0.8865337371826172
    endloop
  endfacet
  facet normal -0.03488137505961747 -0.08160139303651877 0.9960544675510722
    outer loop
      vertex -0.6994314193725586 -13.382611274719238 1.1208572387695312
      vertex -0.9325469136238098 -15.93982219696045 0.9031950831413269
      vertex -0.833958625793457 -15.95659351348877 0.9052736163139343
    endloop
  endfacet
  facet normal -0.034880875695082504 -0.08160143972154993 0.9960544812138111
    outer loop
      vertex -0.9325469136238098 -15.93982219696045 0.9031950831413269
      vertex -0.6994314193725586 -13.382611274719238 1.1208572387695312
      vertex -2.0677270889282227 -12.797727584838867 1.1208572387695312
    endloop
  endfacet
  facet normal -0.190890048971287 -0.0854682947230134 0.9778835103430673
    outer loop
      vertex -6.5450849533081055 -9.56295108795166 0.8865337371826172
      vertex -6.799371719360352 -11.640870094299316 0.6552822589874268
      vertex -6.237612247467041 -12.471977233886719 0.6923019886016846
    endloop
  endfacet
  facet normal -0.19088999087349962 -0.08546830301427372 0.9778835209595137
    outer loop
      vertex -6.799371719360352 -11.640870094299316 0.6552822589874268
      vertex -6.5450849533081055 -9.56295108795166 0.8865337371826172
      vertex -7.379662990570068 -10.782344818115234 0.6170414090156555
    endloop
  endfacet
  facet normal -0.03488096129007732 -0.08160147026444624 0.9960544757141353
    outer loop
      vertex -2.0677270889282227 -12.797727584838867 1.1208572387695312
      vertex -1.50032639503479 -15.843238830566406 0.8912245035171509
      vertex -0.9325469136238098 -15.93982219696045 0.9031950831413269
    endloop
  endfacet
  facet normal -0.034880832997196055 -0.08160144684596848 0.9960544821253837
    outer loop
      vertex -2.0677270889282227 -12.797727584838867 1.1208572387695312
      vertex -1.7228151559829712 -15.805392265319824 0.8865337371826172
      vertex -1.50032639503479 -15.843238830566406 0.8912245035171509
    endloop
  endfacet
  facet normal -0.034880946277589905 -0.08160145944720708 0.9960544771260587
    outer loop
      vertex -1.7228151559829712 -15.805392265319824 0.8865337371826172
      vertex -2.0677270889282227 -12.797727584838867 1.1208572387695312
      vertex -2.5 -15.473180770874023 0.8865337371826172
    endloop
  endfacet
  facet normal 0 -0.05470878262016028 0.99850235307896
    outer loop
      vertex -0.5226421356201172 -10 1.3061933517456055
      vertex 0.6994314193725586 -13.382611274719238 1.1208572387695312
      vertex 0.5226421356201172 -10 1.3061933517456055
    endloop
  endfacet
  facet normal 0 -0.05470878262016028 0.99850235307896
    outer loop
      vertex 0.6994314193725586 -13.382611274719238 1.1208572387695312
      vertex -0.5226421356201172 -10 1.3061933517456055
      vertex -0.6994314193725586 -13.382611274719238 1.1208572387695312
    endloop
  endfacet
  facet normal -0.02790528930330966 -0.008011423852092067 0.9995784671133932
    outer loop
      vertex -0.8456525802612305 -1.2355737686157227 1.5
      vertex -2.8230104446411133 -2.527616500854492 1.4344425201416016
      vertex -2.5 -3.6527223587036133 1.4344425201416016
    endloop
  endfacet
  facet normal 0.027440385659704518 -0.030647304057265477 0.9991535257350936
    outer loop
      vertex 1.5450849533081055 -5.381813049316406 1.4344425201416016
      vertex 0.9549140930175781 -5.910228729248047 1.4344425201416016
      vertex 1.5450849533081055 -9.56295108795166 1.3061933517456055
    endloop
  endfacet
  facet normal 0.027440435520315058 -0.03064730401530237 0.9991535243670259
    outer loop
      vertex 1.5450849533081055 -5.381813049316406 1.4344425201416016
      vertex 1.5450849533081055 -9.56295108795166 1.3061933517456055
      vertex 2.5 -8.707956314086914 1.3061933517456055
    endloop
  endfacet
  facet normal 0.06700082620207595 0.0035017544973015256 0.997746774990368
    outer loop
      vertex 5 0 1.3061933517456055
      vertex 3.022642135620117 1.2920427322387695 1.4344425201416016
      vertex 3.090169906616211 0 1.4344425201416016
    endloop
  endfacet
  facet normal 0.06700083191122445 0.0035017632757645503 0.997746774576177
    outer loop
      vertex 4.890737533569336 2.0905685424804688 1.3061933517456055
      vertex 3.022642135620117 1.2920427322387695 1.4344425201416016
      vertex 5 0 1.3061933517456055
    endloop
  endfacet
  facet normal -0.01310894779574767 -0.014640965362870824 0.99980688016283
    outer loop
      vertex -0.5226421356201172 -1.8204584121704102 1.5
      vertex -1.5450849533081055 -5.381813049316406 1.4344425201416016
      vertex -0.3230104446411133 -1.9992008209228516 1.5
    endloop
  endfacet
  facet normal -0.018942784403440324 0.012964805796341768 0.9997365076507448
    outer loop
      vertex -0.5226421356201172 1.8204584121704102 1.5
      vertex -2.0677270889282227 4.618185997009277 1.4344425201416016
      vertex -0.6994314193725586 1.5621528625488281 1.5
    endloop
  endfacet
  facet normal -0.013108943531508422 -0.01464096690410685 0.9998068801961709
    outer loop
      vertex -0.3230104446411133 -1.9992008209228516 1.5
      vertex -1.5450849533081055 -5.381813049316406 1.4344425201416016
      vertex -0.9549140930175781 -5.910228729248047 1.4344425201416016
    endloop
  endfacet
  facet normal -0.4406231591576407 0.49211758515987675 0.7507806030994355
    outer loop
      vertex -3.090169906616211 19.125904083251953 0
      vertex -4.890737533569336 17.035335540771484 0.3135852813720703
      vertex -3.022642135620117 18.707956314086914 0.3135852813720703
    endloop
  endfacet
  facet normal -0.6950209155949308 0.3111859226974778 0.6481583513312956
    outer loop
      vertex -6.691305160522461 14.944765090942383 0
      vertex -8.090169906616211 11.82045841217041 0
      vertex -6.5450849533081055 14.618185997009277 0.3135852813720703
    endloop
  endfacet
  facet normal -0.8013820027165067 0.12947925389110423 0.5839708969922079
    outer loop
      vertex -9.135454177856445 8.179540634155273 0
      vertex -9.567727088928223 4.089770317077637 0.3135852813720703
      vertex -8.935822486877441 8.000798225402832 0.3135852813720703
    endloop
  endfacet
  facet normal -0.40485975043546907 0.06541317154519052 0.9120360187326645
    outer loop
      vertex -8.935822486877441 8.000798225402832 0.3135852813720703
      vertex -9.567727088928223 4.089770317077637 0.3135852813720703
      vertex -8.34565258026123 7.472382545471191 0.6134653091430664
    endloop
  endfacet
  facet normal -0.15812072602158356 0.025547562145695753 0.9870892351103921
    outer loop
      vertex -6.112812042236328 5.473180770874023 1.1208572387695312
      vertex -7.390737533569336 6.617387771606445 0.8865337371826172
      vertex -6.5450849533081055 2.797727584838867 1.1208572387695312
    endloop
  endfacet
  facet normal -0.42094165857202964 0.022000207342105855 0.9068208814068704
    outer loop
      vertex -8.935822486877441 3.8196592330932617 0.6134653091430664
      vertex -9.567727088928223 4.089770317077637 0.3135852813720703
      vertex -9.135454177856445 0 0.6134653091430664
    endloop
  endfacet
  facet normal -0.2527339844449833 0.013208956507294116 0.9674456349452156
    outer loop
      vertex -8.935822486877441 3.8196592330932617 0.6134653091430664
      vertex -9.135454177856445 0 0.6134653091430664
      vertex -8.090169906616211 0 0.8865337371826172
    endloop
  endfacet
  facet normal -0.16520197444708717 0.008634186406268 0.9862219620673055
    outer loop
      vertex -7.913379669189453 3.3826112747192383 0.8865337371826172
      vertex -8.090169906616211 0 0.8865337371826172
      vertex -6.5450849533081055 2.797727584838867 1.1208572387695312
    endloop
  endfacet
  facet normal -0.09495644241203219 0.02726141288123928 0.9951080792618303
    outer loop
      vertex -5.413379669189453 7.909430503845215 1.1208572387695312
      vertex -6.112812042236328 5.473180770874023 1.1208572387695312
      vertex -4.0450849533081055 5.910228729248047 1.3061933517456055
    endloop
  endfacet
  facet normal -0.06700083191122445 -0.0035017632757645503 0.997746774576177
    outer loop
      vertex -3.022642135620117 -1.2920427322387695 1.4344425201416016
      vertex -5 0 1.3061933517456055
      vertex -4.890737533569336 -2.0905685424804688 1.3061933517456055
    endloop
  endfacet
  facet normal -0.10892777646608963 -0.00569305300335743 0.9940333639579984
    outer loop
      vertex -5 0 1.3061933517456055
      vertex -6.5450849533081055 -2.797727584838867 1.1208572387695312
      vertex -4.890737533569336 -2.0905685424804688 1.3061933517456055
    endloop
  endfacet
  facet normal -0.1581208045211671 0.02554754402365606 0.9870892230046575
    outer loop
      vertex -7.390737533569336 6.617387771606445 0.8865337371826172
      vertex -7.913379669189453 3.3826112747192383 0.8865337371826172
      vertex -6.5450849533081055 2.797727584838867 1.1208572387695312
    endloop
  endfacet
  facet normal -0.1042069203877603 0.016836681578033263 0.9944131153080892
    outer loop
      vertex -4.567727088928223 4.089770317077637 1.3061933517456055
      vertex -6.5450849533081055 2.797727584838867 1.1208572387695312
      vertex -4.890737533569336 2.0905685424804688 1.3061933517456055
    endloop
  endfacet
  facet normal 0.4209421259129872 -0.022000142155122727 0.9068206660509063
    outer loop
      vertex 9.781475067138672 0 0.3135852813720703
      vertex 9.135454177856445 0 0.6134653091430664
      vertex 9.567727088928223 -4.089770317077637 0.3135852813720703
    endloop
  endfacet
  facet normal 0.8196866142024721 -0.04285097284227333 0.5712071853747627
    outer loop
      vertex 9.781475067138672 0 0.3135852813720703
      vertex 9.98280143737793 -0.04143702611327171 0.021571889519691467
      vertex 9.983041763305664 0 0.024335553869605064
    endloop
  endfacet
  facet normal 0.8196880407298905 -0.0428370010184202 0.5712061862656437
    outer loop
      vertex 9.781475067138672 0 0.3135852813720703
      vertex 9.982059478759766 -0.16973842680454254 0.013014782220125198
      vertex 9.98280143737793 -0.04143702611327171 0.021571889519691467
    endloop
  endfacet
  facet normal 0.8196870764741894 -0.04284016993081078 0.5712073323246959
    outer loop
      vertex 9.982059478759766 -0.16973842680454254 0.013014782220125198
      vertex 9.781475067138672 0 0.3135852813720703
      vertex 9.567727088928223 -4.089770317077637 0.3135852813720703
    endloop
  endfacet
  facet normal -0.027440435520315058 0.03064730401530237 0.9991535243670259
    outer loop
      vertex -1.5450849533081055 9.56295108795166 1.3061933517456055
      vertex -2.5 8.707956314086914 1.3061933517456055
      vertex -1.5450849533081055 5.381813049316406 1.4344425201416016
    endloop
  endfacet
  facet normal -0.014029714534145801 0.03282141431974662 0.9993627578973222
    outer loop
      vertex -0.3230104446411133 6.180339813232422 1.4344425201416016
      vertex -1.5450849533081055 9.56295108795166 1.3061933517456055
      vertex -0.9549140930175781 5.910228729248047 1.4344425201416016
    endloop
  endfacet
  facet normal -0.023947640928657605 0.010722216829503008 0.9996557130133421
    outer loop
      vertex -0.6994314193725586 1.5621528625488281 1.5
      vertex -2.5 3.6527223587036133 1.4344425201416016
      vertex -0.8456525802612305 1.2355737686157227 1.5
    endloop
  endfacet
  facet normal -0.023947640928657605 -0.010722216829503008 0.9996557130133421
    outer loop
      vertex -0.8456525802612305 -1.2355737686157227 1.5
      vertex -2.5 -3.6527223587036133 1.4344425201416016
      vertex -0.6994314193725586 -1.5621528625488281 1.5
    endloop
  endfacet
  facet normal 0.06814922047339259 0.07611358931411782 0.9947675131761142
    outer loop
      vertex 2.5 15.473180770874023 0.8865337371826172
      vertex 2.0677270889282227 12.797727584838867 1.1208572387695312
      vertex 4.0450849533081055 14.089770317077637 0.8865337371826172
    endloop
  endfacet
  facet normal 0.027440385659704518 0.030647304057265477 0.9991535257350936
    outer loop
      vertex 1.5450849533081055 9.56295108795166 1.3061933517456055
      vertex 0.9549140930175781 5.910228729248047 1.4344425201416016
      vertex 1.5450849533081055 5.381813049316406 1.4344425201416016
    endloop
  endfacet
  facet normal -0.10549587152551333 0.11782483479486278 0.9874147707000516
    outer loop
      vertex -2.8230104446411133 17.472381591796875 0.6134653091430664
      vertex -4.567727088928223 15.910228729248047 0.6134653091430664
      vertex -4.0450849533081055 14.089770317077637 0.8865337371826172
    endloop
  endfacet
  facet normal 0 0.22608804185627587 0.9741068716160434
    outer loop
      vertex 1.0224418640136719 19.562950134277344 0.3135852813720703
      vertex -0.9549140930175781 18.27090835571289 0.6134653091430664
      vertex 0.9549140930175781 18.27090835571289 0.6134653091430664
    endloop
  endfacet
  facet normal 0 0.2260880418562759 0.9741068716160435
    outer loop
      vertex -0.9549140930175781 18.27090835571289 0.6134653091430664
      vertex 1.0224418640136719 19.562950134277344 0.3135852813720703
      vertex -1.0224418640136719 19.562950134277344 0.3135852813720703
    endloop
  endfacet
  facet normal -0.15176440685102055 0.10387067408188992 0.9829437663869341
    outer loop
      vertex -4.0450849533081055 14.089770317077637 0.8865337371826172
      vertex -6.112812042236328 13.652722358703613 0.6134653091430664
      vertex -5.413379669189453 12.090568542480469 0.8865337371826172
    endloop
  endfacet
  facet normal -0.09495643871563342 0.02726139503623761 0.9951080801034238
    outer loop
      vertex -4.0450849533081055 5.910228729248047 1.3061933517456055
      vertex -6.112812042236328 5.473180770874023 1.1208572387695312
      vertex -4.567727088928223 4.089770317077637 1.3061933517456055
    endloop
  endfacet
  facet normal 0.10549599721742878 -0.1178248692758747 0.9874147531565564
    outer loop
      vertex 4.0450849533081055 -14.089770317077637 0.8865337371826172
      vertex 3.4888362884521484 -14.997858047485352 0.8376046419143677
      vertex 3.7710533142089844 -14.84826946258545 0.8253023028373718
    endloop
  endfacet
  facet normal 0.10549582554271802 -0.11782476577039167 0.9874147838493268
    outer loop
      vertex 2.5 -15.473180770874023 0.8865337371826172
      vertex 3.4888362884521484 -14.997858047485352 0.8376046419143677
      vertex 4.0450849533081055 -14.089770317077637 0.8865337371826172
    endloop
  endfacet
  facet normal 0.10549521829642837 -0.11782348001555776 0.9874150021513814
    outer loop
      vertex 3.4888362884521484 -14.997858047485352 0.8376046419143677
      vertex 2.5 -15.473180770874023 0.8865337371826172
      vertex 2.5072638988494873 -15.518138885498047 0.8803930282592773
    endloop
  endfacet
  facet normal 0.034880946277589905 -0.08160145944720708 0.9960544771260587
    outer loop
      vertex 2.0677270889282227 -12.797727584838867 1.1208572387695312
      vertex 1.7228151559829712 -15.805392265319824 0.8865337371826172
      vertex 2.5 -15.473180770874023 0.8865337371826172
    endloop
  endfacet
  facet normal 0.034880832997196055 -0.08160144684596848 0.9960544821253837
    outer loop
      vertex 2.0677270889282227 -12.797727584838867 1.1208572387695312
      vertex 1.50032639503479 -15.843238830566406 0.8912245035171509
      vertex 1.7228151559829712 -15.805392265319824 0.8865337371826172
    endloop
  endfacet
  facet normal 0.03488096129007732 -0.08160147026444624 0.9960544757141353
    outer loop
      vertex 1.50032639503479 -15.843238830566406 0.8912245035171509
      vertex 2.0677270889282227 -12.797727584838867 1.1208572387695312
      vertex 0.9325469136238098 -15.93982219696045 0.9031950831413269
    endloop
  endfacet
  facet normal 0.034880875695082504 -0.08160143972154993 0.9960544812138111
    outer loop
      vertex 0.6994314193725586 -13.382611274719238 1.1208572387695312
      vertex 0.9325469136238098 -15.93982219696045 0.9031950831413269
      vertex 2.0677270889282227 -12.797727584838867 1.1208572387695312
    endloop
  endfacet
  facet normal 0.03488137505961747 -0.08160139303651877 0.9960544675510722
    outer loop
      vertex 0.9325469136238098 -15.93982219696045 0.9031950831413269
      vertex 0.6994314193725586 -13.382611274719238 1.1208572387695312
      vertex 0.833958625793457 -15.95659351348877 0.9052736163139343
    endloop
  endfacet
  facet normal -2.2843922430626565e-8 -0.08346267134789152 0.9965109043515145
    outer loop
      vertex 0.6994314193725586 -13.382611274719238 1.1208572387695312
      vertex 0 -16.104251861572266 0.8929064869880676
      vertex 0.833958625793457 -15.95659351348877 0.9052736163139343
    endloop
  endfacet
  facet normal 0 -0.08346267717763109 0.9965109038632455
    outer loop
      vertex -0.6994314193725586 -13.382611274719238 1.1208572387695312
      vertex 0 -16.104251861572266 0.8929064869880676
      vertex 0.6994314193725586 -13.382611274719238 1.1208572387695312
    endloop
  endfacet
  facet normal 2.2843922430626565e-8 -0.08346267134789152 0.9965109043515145
    outer loop
      vertex 0 -16.104251861572266 0.8929064869880676
      vertex -0.6994314193725586 -13.382611274719238 1.1208572387695312
      vertex -0.833958625793457 -15.95659351348877 0.9052736163139343
    endloop
  endfacet
  facet normal -0.014029714534145801 -0.03282141431974662 0.9993627578973222
    outer loop
      vertex -0.9549140930175781 -5.910228729248047 1.4344425201416016
      vertex -1.5450849533081055 -9.56295108795166 1.3061933517456055
      vertex -0.3230104446411133 -6.180339813232422 1.4344425201416016
    endloop
  endfacet
  facet normal -0.027440385659704518 -0.030647304057265477 0.9991535257350936
    outer loop
      vertex -1.5450849533081055 -5.381813049316406 1.4344425201416016
      vertex -1.5450849533081055 -9.56295108795166 1.3061933517456055
      vertex -0.9549140930175781 -5.910228729248047 1.4344425201416016
    endloop
  endfacet
  facet normal -0.032042715223040905 0.0016747195261877634 0.9994850972954243
    outer loop
      vertex -1.0224418640136719 0.43704795837402344 1.5
      vertex -3.022642135620117 1.2920427322387695 1.4344425201416016
      vertex -1.0452842712402344 0 1.5
    endloop
  endfacet
  facet normal -0.0501029661342869 -0.02243290597894267 0.998492091863469
    outer loop
      vertex -2.5 -3.6527223587036133 1.4344425201416016
      vertex -3.3456525802612305 -7.472382545471191 1.3061933517456055
      vertex -2.0677270889282227 -4.618185997009277 1.4344425201416016
    endloop
  endfacet
  facet normal -0.039642643373851344 -0.027132244374971744 0.9988454846178715
    outer loop
      vertex -2.0677270889282227 -4.618185997009277 1.4344425201416016
      vertex -3.3456525802612305 -7.472382545471191 1.3061933517456055
      vertex -1.5450849533081055 -5.381813049316406 1.4344425201416016
    endloop
  endfacet
  facet normal -0.0067012120128664655 0.015677056247706683 0.9998546512693557
    outer loop
      vertex -0.3230104446411133 6.180339813232422 1.4344425201416016
      vertex -0.3230104446411133 1.9992008209228516 1.5
      vertex -0.10926151275634766 2.0905685424804688 1.5
    endloop
  endfacet
  facet normal -0.013108943531508422 0.01464096690410685 0.9998068801961709
    outer loop
      vertex -0.9549140930175781 5.910228729248047 1.4344425201416016
      vertex -1.5450849533081055 5.381813049316406 1.4344425201416016
      vertex -0.3230104446411133 1.9992008209228516 1.5
    endloop
  endfacet
  facet normal 0.02790529726995655 -0.008011411653515087 0.9995784669887569
    outer loop
      vertex 0.9549140930175781 -0.8549947738647461 1.5
      vertex 0.8456525802612305 -1.2355737686157227 1.5
      vertex 2.8230104446411133 -2.527616500854492 1.4344425201416016
    endloop
  endfacet
  facet normal 0.023947640928657605 -0.010722216829503008 0.9996557130133421
    outer loop
      vertex 0.8456525802612305 -1.2355737686157227 1.5
      vertex 0.6994314193725586 -1.5621528625488281 1.5
      vertex 2.5 -3.6527223587036133 1.4344425201416016
    endloop
  endfacet
  facet normal -0.44062527873562407 0.492119077399991 0.7507783810140882
    outer loop
      vertex -3.090169906616211 19.125904083251953 0
      vertex -5 17.415912628173828 0
      vertex -4.890737533569336 17.035335540771484 0.3135852813720703
    endloop
  endfacet
  facet normal -0.10892787546147348 0.005692997634118651 0.9940333534270305
    outer loop
      vertex -6.5450849533081055 2.797727584838867 1.1208572387695312
      vertex -6.691305160522461 0 1.1208572387695312
      vertex -5 0 1.3061933517456055
    endloop
  endfacet
  facet normal -0.1652018114865957 0.008634094054996476 0.9862219901733061
    outer loop
      vertex -6.5450849533081055 2.797727584838867 1.1208572387695312
      vertex -8.090169906616211 0 0.8865337371826172
      vertex -6.691305160522461 0 1.1208572387695312
    endloop
  endfacet
  facet normal -0.24218650198619673 0.039130020493915195 0.969440322945067
    outer loop
      vertex -7.390737533569336 6.617387771606445 0.8865337371826172
      vertex -8.935822486877441 3.8196592330932617 0.6134653091430664
      vertex -7.913379669189453 3.3826112747192383 0.8865337371826172
    endloop
  endfacet
  facet normal -0.25273384689627393 0.013208989496518104 0.967445670427798
    outer loop
      vertex -7.913379669189453 3.3826112747192383 0.8865337371826172
      vertex -8.935822486877441 3.8196592330932617 0.6134653091430664
      vertex -8.090169906616211 0 0.8865337371826172
    endloop
  endfacet
  facet normal -0.06700082620207595 0.0035017544973015256 0.997746774990368
    outer loop
      vertex -3.022642135620117 1.2920427322387695 1.4344425201416016
      vertex -5 0 1.3061933517456055
      vertex -3.090169906616211 0 1.4344425201416016
    endloop
  endfacet
  facet normal -0.06700082620207595 -0.0035017544973015256 0.997746774990368
    outer loop
      vertex -3.090169906616211 0 1.4344425201416016
      vertex -5 0 1.3061933517456055
      vertex -3.022642135620117 -1.2920427322387695 1.4344425201416016
    endloop
  endfacet
  facet normal -0.1042069203877603 -0.016836681578033263 0.9944131153080892
    outer loop
      vertex -4.890737533569336 -2.0905685424804688 1.3061933517456055
      vertex -6.5450849533081055 -2.797727584838867 1.1208572387695312
      vertex -4.567727088928223 -4.089770317077637 1.3061933517456055
    endloop
  endfacet
  facet normal -0.06408184410617226 -0.010353684766175241 0.9978909351566007
    outer loop
      vertex -3.022642135620117 -1.2920427322387695 1.4344425201416016
      vertex -4.890737533569336 -2.0905685424804688 1.3061933517456055
      vertex -4.567727088928223 -4.089770317077637 1.3061933517456055
    endloop
  endfacet
  facet normal -0.08155605388543122 0.03651556318472647 0.9959996103010978
    outer loop
      vertex -4.477356910705566 10 1.1208572387695312
      vertex -5.413379669189453 7.909430503845215 1.1208572387695312
      vertex -4.0450849533081055 5.910228729248047 1.3061933517456055
    endloop
  endfacet
  facet normal -0.08155603328352738 0.03651556543497201 0.9959996119055572
    outer loop
      vertex -3.3456525802612305 7.472382545471191 1.3061933517456055
      vertex -4.477356910705566 10 1.1208572387695312
      vertex -4.0450849533081055 5.910228729248047 1.3061933517456055
    endloop
  endfacet
  facet normal -0.06408184410617226 0.010353684766175241 0.9978909351566007
    outer loop
      vertex -4.567727088928223 4.089770317077637 1.3061933517456055
      vertex -4.890737533569336 2.0905685424804688 1.3061933517456055
      vertex -3.022642135620117 1.2920427322387695 1.4344425201416016
    endloop
  endfacet
  facet normal -0.0583678847552731 0.016757033372490276 0.998154492982799
    outer loop
      vertex -2.5 3.6527223587036133 1.4344425201416016
      vertex -4.567727088928223 4.089770317077637 1.3061933517456055
      vertex -2.8230104446411133 2.527616500854492 1.4344425201416016
    endloop
  endfacet
  facet normal 0.8013785894484854 -0.129479074936494 0.5839756206616381
    outer loop
      vertex 9.567727088928223 -4.089770317077637 0.3135852813720703
      vertex 9.384910583496094 -5.2916436195373535 0.29798153042793274
      vertex 9.477612495422363 -4.94235372543335 0.2482130229473114
    endloop
  endfacet
  facet normal 0.8013866698511678 -0.1294801569652273 0.5839642920051838
    outer loop
      vertex 9.384910583496094 -5.2916436195373535 0.29798153042793274
      vertex 9.567727088928223 -4.089770317077637 0.3135852813720703
      vertex 9.355846405029297 -5.401155471801758 0.3135852813720703
    endloop
  endfacet
  facet normal 0.801383842455097 -0.12947909065715066 0.5839684085072596
    outer loop
      vertex 9.567727088928223 -4.089770317077637 0.3135852813720703
      vertex 9.56295108795166 -4.620804786682129 0.20239698886871338
      vertex 9.622254371643066 -4.113078594207764 0.23358914256095886
    endloop
  endfacet
  facet normal 0.8013838922536265 -0.12947907741113554 0.5839683431053339
    outer loop
      vertex 9.56295108795166 -4.620804786682129 0.20239698886871338
      vertex 9.567727088928223 -4.089770317077637 0.3135852813720703
      vertex 9.477612495422363 -4.94235372543335 0.2482130229473114
    endloop
  endfacet
  facet normal -0.01894276231819684 0.012964817999329872 0.9997365079109598
    outer loop
      vertex -1.5450849533081055 5.381813049316406 1.4344425201416016
      vertex -2.0677270889282227 4.618185997009277 1.4344425201416016
      vertex -0.5226421356201172 1.8204584121704102 1.5
    endloop
  endfacet
  facet normal -0.03064331202381761 0.004951047550097039 0.9995181211745826
    outer loop
      vertex -0.9549140930175781 0.8549947738647461 1.5
      vertex -2.8230104446411133 2.527616500854492 1.4344425201416016
      vertex -1.0224418640136719 0.43704795837402344 1.5
    endloop
  endfacet
  facet normal -0.06408181519598179 0.01035370080971391 0.9978909368466731
    outer loop
      vertex -2.8230104446411133 2.527616500854492 1.4344425201416016
      vertex -4.567727088928223 4.089770317077637 1.3061933517456055
      vertex -3.022642135620117 1.2920427322387695 1.4344425201416016
    endloop
  endfacet
  facet normal 0.01894276231819684 0.012964817999329872 0.9997365079109598
    outer loop
      vertex 1.5450849533081055 5.381813049316406 1.4344425201416016
      vertex 0.5226421356201172 1.8204584121704102 1.5
      vertex 2.0677270889282227 4.618185997009277 1.4344425201416016
    endloop
  endfacet
  facet normal -0.04471560148284504 0.049941319148228955 0.9977506600477708
    outer loop
      vertex -2.0677270889282227 12.797727584838867 1.1208572387695312
      vertex -3.3456525802612305 11.653520584106445 1.1208572387695312
      vertex -2.5 8.707956314086914 1.3061933517456055
    endloop
  endfacet
  facet normal 0.014029714534145801 0.03282141431974662 0.9993627578973222
    outer loop
      vertex 1.5450849533081055 9.56295108795166 1.3061933517456055
      vertex 0.3230104446411133 6.180339813232422 1.4344425201416016
      vertex 0.9549140930175781 5.910228729248047 1.4344425201416016
    endloop
  endfacet
  facet normal 0.014029699759776604 0.032821419658667174 0.9993627579293919
    outer loop
      vertex 0.5226421356201172 10 1.3061933517456055
      vertex 0.3230104446411133 6.180339813232422 1.4344425201416016
      vertex 1.5450849533081055 9.56295108795166 1.3061933517456055
    endloop
  endfacet
  facet normal -0.02394763619336131 -0.01072222091011029 0.999655713083012
    outer loop
      vertex -0.6994314193725586 -1.5621528625488281 1.5
      vertex -2.5 -3.6527223587036133 1.4344425201416016
      vertex -2.0677270889282227 -4.618185997009277 1.4344425201416016
    endloop
  endfacet
  facet normal 0.006701253690256532 -0.015677056243328043 0.9998546509900937
    outer loop
      vertex 0.3230104446411133 -1.9992008209228516 1.5
      vertex 0.3230104446411133 -6.180339813232422 1.4344425201416016
      vertex 0.9549140930175781 -5.910228729248047 1.4344425201416016
    endloop
  endfacet
  facet normal 0.0540940403695665 0.12654909397776204 0.9904843065944575
    outer loop
      vertex 2.8230104446411133 17.472381591796875 0.6134653091430664
      vertex 0.8456525802612305 16.180339813232422 0.8865337371826172
      vertex 2.5 15.473180770874023 0.8865337371826172
    endloop
  endfacet
  facet normal 0.03488094991915275 0.08160145885194205 0.996054477047301
    outer loop
      vertex 2.5 15.473180770874023 0.8865337371826172
      vertex 0.8456525802612305 16.180339813232422 0.8865337371826172
      vertex 2.0677270889282227 12.797727584838867 1.1208572387695312
    endloop
  endfacet
  facet normal -0.2603396554809992 0.1781819487561843 0.9489333258567132
    outer loop
      vertex -4.890737533569336 17.035335540771484 0.3135852813720703
      vertex -6.112812042236328 13.652722358703613 0.6134653091430664
      vertex -4.567727088928223 15.910228729248047 0.6134653091430664
    endloop
  endfacet
  facet normal -0.10549589454323248 0.11782484283476281 0.9874147672814533
    outer loop
      vertex -2.8230104446411133 17.472381591796875 0.6134653091430664
      vertex -4.0450849533081055 14.089770317077637 0.8865337371826172
      vertex -2.5 15.473180770874023 0.8865337371826172
    endloop
  endfacet
  facet normal -0.03488087198530646 0.08160143104278084 0.9960544820547292
    outer loop
      vertex -0.8456525802612305 16.180339813232422 0.8865337371826172
      vertex -2.0677270889282227 12.797727584838867 1.1208572387695312
      vertex -0.6994314193725586 13.382611274719238 1.1208572387695312
    endloop
  endfacet
  facet normal -0.0540940403695665 0.12654909397776204 0.9904843065944575
    outer loop
      vertex -0.8456525802612305 16.180339813232422 0.8865337371826172
      vertex -2.8230104446411133 17.472381591796875 0.6134653091430664
      vertex -2.5 15.473180770874023 0.8865337371826172
    endloop
  endfacet
  facet normal -0.15176442591731798 0.10387077263296492 0.9829437530289402
    outer loop
      vertex -4.567727088928223 15.910228729248047 0.6134653091430664
      vertex -6.112812042236328 13.652722358703613 0.6134653091430664
      vertex -4.0450849533081055 14.089770317077637 0.8865337371826172
    endloop
  endfacet
  facet normal -0.3242384119743289 0.1451730679185067 0.9347696146920341
    outer loop
      vertex -6.5450849533081055 14.618185997009277 0.3135852813720703
      vertex -7.913379669189453 11.562152862548828 0.3135852813720703
      vertex -7.390737533569336 10.7985258102417 0.6134653091430664
    endloop
  endfacet
  facet normal 0.12400900110043064 -0.05552329193334963 0.9907264666389798
    outer loop
      vertex 6.5450849533081055 -9.56295108795166 0.8865337371826172
      vertex 4.477356910705566 -10 1.1208572387695312
      vertex 5.413379669189453 -12.090568542480469 0.8865337371826172
    endloop
  endfacet
  facet normal 0.09829727876973789 -0.067276728892203 0.9928803990088783
    outer loop
      vertex 4.477356910705566 -10 1.1208572387695312
      vertex 3.3456525802612305 -11.653520584106445 1.1208572387695312
      vertex 4.0450849533081055 -14.089770317077637 0.8865337371826172
    endloop
  endfacet
  facet normal -0.0320427328389968 0.0016746925401542549 0.9994850967758871
    outer loop
      vertex -3.022642135620117 1.2920427322387695 1.4344425201416016
      vertex -3.090169906616211 0 1.4344425201416016
      vertex -1.0452842712402344 0 1.5
    endloop
  endfacet
  facet normal 0.0501029661342869 -0.02243290597894267 0.998492091863469
    outer loop
      vertex 2.5 -3.6527223587036133 1.4344425201416016
      vertex 2.0677270889282227 -4.618185997009277 1.4344425201416016
      vertex 3.3456525802612305 -7.472382545471191 1.3061933517456055
    endloop
  endfacet
  facet normal 0.02394763619336131 -0.01072222091011029 0.999655713083012
    outer loop
      vertex 2.5 -3.6527223587036133 1.4344425201416016
      vertex 0.6994314193725586 -1.5621528625488281 1.5
      vertex 2.0677270889282227 -4.618185997009277 1.4344425201416016
    endloop
  endfacet
  facet normal 0.0583678847552731 -0.016757033372490276 0.998154492982799
    outer loop
      vertex 2.8230104446411133 -2.527616500854492 1.4344425201416016
      vertex 2.5 -3.6527223587036133 1.4344425201416016
      vertex 4.567727088928223 -4.089770317077637 1.3061933517456055
    endloop
  endfacet
  facet normal 0.06408181519598179 -0.01035370080971391 0.9978909368466731
    outer loop
      vertex 3.022642135620117 -1.2920427322387695 1.4344425201416016
      vertex 2.8230104446411133 -2.527616500854492 1.4344425201416016
      vertex 4.567727088928223 -4.089770317077637 1.3061933517456055
    endloop
  endfacet
  facet normal -0.5914541783813883 0.4048036343591751 0.6973635870080974
    outer loop
      vertex -5 17.415912628173828 0
      vertex -6.691305160522461 14.944765090942383 0
      vertex -6.5450849533081055 14.618185997009277 0.3135852813720703
    endloop
  endfacet
  facet normal 0.01310894779574767 0.014640965362870824 0.99980688016283
    outer loop
      vertex 1.5450849533081055 5.381813049316406 1.4344425201416016
      vertex 0.3230104446411133 1.9992008209228516 1.5
      vertex 0.5226421356201172 1.8204584121704102 1.5
    endloop
  endfacet
  facet normal -0.24218653294002396 0.03913003841396061 0.9694403144888357
    outer loop
      vertex -8.34565258026123 7.472382545471191 0.6134653091430664
      vertex -8.935822486877441 3.8196592330932617 0.6134653091430664
      vertex -7.390737533569336 6.617387771606445 0.8865337371826172
    endloop
  endfacet
  facet normal -0.19089005514002544 0.0854682792034275 0.9778835104953162
    outer loop
      vertex -6.112812042236328 13.652722358703613 0.6134653091430664
      vertex -7.390737533569336 10.7985258102417 0.6134653091430664
      vertex -6.5450849533081055 9.56295108795166 0.8865337371826172
    endloop
  endfacet
  facet normal -0.09829727876973789 0.067276728892203 0.9928803990088783
    outer loop
      vertex -4.0450849533081055 14.089770317077637 0.8865337371826172
      vertex -4.477356910705566 10 1.1208572387695312
      vertex -3.3456525802612305 11.653520584106445 1.1208572387695312
    endloop
  endfacet
  facet normal -0.09829737171659227 0.06727673815312567 0.9928803891794247
    outer loop
      vertex -4.0450849533081055 14.089770317077637 0.8865337371826172
      vertex -5.413379669189453 12.090568542480469 0.8865337371826172
      vertex -4.477356910705566 10 1.1208572387695312
    endloop
  endfacet
  facet normal -0.02790529726995655 0.008011411653515087 0.9995784669887569
    outer loop
      vertex -0.8456525802612305 1.2355737686157227 1.5
      vertex -2.8230104446411133 2.527616500854492 1.4344425201416016
      vertex -0.9549140930175781 0.8549947738647461 1.5
    endloop
  endfacet
  facet normal -0.02790528930330966 0.008011423852092067 0.9995784671133932
    outer loop
      vertex -2.5 3.6527223587036133 1.4344425201416016
      vertex -2.8230104446411133 2.527616500854492 1.4344425201416016
      vertex -0.8456525802612305 1.2355737686157227 1.5
    endloop
  endfacet
  facet normal 0.006701253690256532 0.015677056243328043 0.9998546509900937
    outer loop
      vertex 0.3230104446411133 6.180339813232422 1.4344425201416016
      vertex 0.3230104446411133 1.9992008209228516 1.5
      vertex 0.9549140930175781 5.910228729248047 1.4344425201416016
    endloop
  endfacet
  facet normal 0.013108943531508422 0.01464096690410685 0.9998068801961709
    outer loop
      vertex 0.9549140930175781 5.910228729248047 1.4344425201416016
      vertex 0.3230104446411133 1.9992008209228516 1.5
      vertex 1.5450849533081055 5.381813049316406 1.4344425201416016
    endloop
  endfacet
  facet normal 0 0.03355715749467468 0.999436799993315
    outer loop
      vertex 0.5226421356201172 10 1.3061933517456055
      vertex -0.3230104446411133 6.180339813232422 1.4344425201416016
      vertex 0.3230104446411133 6.180339813232422 1.4344425201416016
    endloop
  endfacet
  facet normal 0 0.03355715749467468 0.999436799993315
    outer loop
      vertex -0.3230104446411133 6.180339813232422 1.4344425201416016
      vertex 0.5226421356201172 10 1.3061933517456055
      vertex -0.5226421356201172 10 1.3061933517456055
    endloop
  endfacet
  facet normal 0.022870028306500353 0.053502698525688036 0.9983057763309442
    outer loop
      vertex 2.0677270889282227 12.797727584838867 1.1208572387695312
      vertex 0.5226421356201172 10 1.3061933517456055
      vertex 1.5450849533081055 9.56295108795166 1.3061933517456055
    endloop
  endfacet
  facet normal 0.039642635930822595 0.02713225079293748 0.9988454847389387
    outer loop
      vertex 2.5 8.707956314086914 1.3061933517456055
      vertex 1.5450849533081055 5.381813049316406 1.4344425201416016
      vertex 3.3456525802612305 7.472382545471191 1.3061933517456055
    endloop
  endfacet
  facet normal -0.014029699759776604 0.032821419658667174 0.9993627579293919
    outer loop
      vertex -0.5226421356201172 10 1.3061933517456055
      vertex -1.5450849533081055 9.56295108795166 1.3061933517456055
      vertex -0.3230104446411133 6.180339813232422 1.4344425201416016
    endloop
  endfacet
  facet normal -0.04471556246739875 0.049941315112839696 0.9977506619982892
    outer loop
      vertex -2.0677270889282227 12.797727584838867 1.1208572387695312
      vertex -2.5 8.707956314086914 1.3061933517456055
      vertex -1.5450849533081055 9.56295108795166 1.3061933517456055
    endloop
  endfacet
  facet normal 0 0.08346268091241339 0.9965109035504391
    outer loop
      vertex 0.8456525802612305 16.180339813232422 0.8865337371826172
      vertex -0.6994314193725586 13.382611274719238 1.1208572387695312
      vertex 0.6994314193725586 13.382611274719238 1.1208572387695312
    endloop
  endfacet
  facet normal 0 0.08346268091241339 0.9965109035504391
    outer loop
      vertex -0.6994314193725586 13.382611274719238 1.1208572387695312
      vertex 0.8456525802612305 16.180339813232422 0.8865337371826172
      vertex -0.8456525802612305 16.180339813232422 0.8865337371826172
    endloop
  endfacet
  facet normal -0.039642643373851344 0.027132244374971744 0.9988454846178715
    outer loop
      vertex -1.5450849533081055 5.381813049316406 1.4344425201416016
      vertex -3.3456525802612305 7.472382545471191 1.3061933517456055
      vertex -2.0677270889282227 4.618185997009277 1.4344425201416016
    endloop
  endfacet
  facet normal -0.0501029661342869 0.02243290597894267 0.998492091863469
    outer loop
      vertex -2.0677270889282227 4.618185997009277 1.4344425201416016
      vertex -3.3456525802612305 7.472382545471191 1.3061933517456055
      vertex -2.5 3.6527223587036133 1.4344425201416016
    endloop
  endfacet
  facet normal 0 0.12951900438748026 0.9915769397794988
    outer loop
      vertex 0.9549140930175781 18.27090835571289 0.6134653091430664
      vertex -0.8456525802612305 16.180339813232422 0.8865337371826172
      vertex 0.8456525802612305 16.180339813232422 0.8865337371826172
    endloop
  endfacet
  facet normal 0 0.12951900438748026 0.9915769397794989
    outer loop
      vertex -0.8456525802612305 16.180339813232422 0.8865337371826172
      vertex 0.9549140930175781 18.27090835571289 0.6134653091430664
      vertex -0.9549140930175781 18.27090835571289 0.6134653091430664
    endloop
  endfacet
  facet normal -0.06814922047339259 0.07611358931411782 0.9947675131761142
    outer loop
      vertex -2.5 15.473180770874023 0.8865337371826172
      vertex -4.0450849533081055 14.089770317077637 0.8865337371826172
      vertex -2.0677270889282227 12.797727584838867 1.1208572387695312
    endloop
  endfacet
  facet normal -0.03488094991915275 0.08160145885194205 0.996054477047301
    outer loop
      vertex -0.8456525802612305 16.180339813232422 0.8865337371826172
      vertex -2.5 15.473180770874023 0.8865337371826172
      vertex -2.0677270889282227 12.797727584838867 1.1208572387695312
    endloop
  endfacet
  facet normal -0.3242383263408099 0.14517305149197252 0.9347696469463583
    outer loop
      vertex -6.5450849533081055 14.618185997009277 0.3135852813720703
      vertex -7.390737533569336 10.7985258102417 0.6134653091430664
      vertex -6.112812042236328 13.652722358703613 0.6134653091430664
    endloop
  endfacet
  facet normal -0.22136971986250611 0.06355384511839647 0.9731168254113493
    outer loop
      vertex -6.5450849533081055 9.56295108795166 0.8865337371826172
      vertex -8.34565258026123 7.472382545471191 0.6134653091430664
      vertex -7.390737533569336 6.617387771606445 0.8865337371826172
    endloop
  endfacet
  facet normal 0.09829737171659227 -0.06727673815312567 0.9928803891794247
    outer loop
      vertex 4.477356910705566 -10 1.1208572387695312
      vertex 4.0450849533081055 -14.089770317077637 0.8865337371826172
      vertex 5.413379669189453 -12.090568542480469 0.8865337371826172
    endloop
  endfacet
  facet normal 0.15176439515885143 -0.10387065081309135 0.9829437706510646
    outer loop
      vertex 5.413379669189453 -12.090568542480469 0.8865337371826172
      vertex 4.90322208404541 -13.9083890914917 0.773206353187561
      vertex 5.8332390785217285 -13.028307914733887 0.722614586353302
    endloop
  endfacet
  facet normal 0.15176435838796962 -0.10387064091278347 0.9829437773746043
    outer loop
      vertex 4.90322208404541 -13.9083890914917 0.773206353187561
      vertex 5.413379669189453 -12.090568542480469 0.8865337371826172
      vertex 4.0450849533081055 -14.089770317077637 0.8865337371826172
    endloop
  endfacet
  facet normal -0.03064331202381761 -0.004951047550097039 0.9995181211745826
    outer loop
      vertex -1.0224418640136719 -0.43704795837402344 1.5
      vertex -2.8230104446411133 -2.527616500854492 1.4344425201416016
      vertex -0.9549140930175781 -0.8549947738647461 1.5
    endloop
  endfacet
  facet normal 0.013108943531508422 -0.01464096690410685 0.9998068801961709
    outer loop
      vertex 1.5450849533081055 -5.381813049316406 1.4344425201416016
      vertex 0.3230104446411133 -1.9992008209228516 1.5
      vertex 0.9549140930175781 -5.910228729248047 1.4344425201416016
    endloop
  endfacet
  facet normal 0 0 1
    outer loop
      vertex -1.0452842712402344 0 1.5
      vertex 1.0452842712402344 0 1.5
      vertex 1.0224418640136719 0.43704795837402344 1.5
    endloop
  endfacet
  facet normal 0 0 1
    outer loop
      vertex -1.0224418640136719 0.43704795837402344 1.5
      vertex 1.0224418640136719 0.43704795837402344 1.5
      vertex 0.9549140930175781 0.8549947738647461 1.5
    endloop
  endfacet
  facet normal 0 0 1
    outer loop
      vertex 1.0452842712402344 0 1.5
      vertex -1.0452842712402344 0 1.5
      vertex 1.0224418640136719 -0.43704795837402344 1.5
    endloop
  endfacet
  facet normal 0 0 1
    outer loop
      vertex -0.9549140930175781 0.8549947738647461 1.5
      vertex 0.9549140930175781 0.8549947738647461 1.5
      vertex 0.8456525802612305 1.2355737686157227 1.5
    endloop
  endfacet
  facet normal 0 0 1
    outer loop
      vertex -1.0224418640136719 -0.43704795837402344 1.5
      vertex 1.0224418640136719 -0.43704795837402344 1.5
      vertex -1.0452842712402344 0 1.5
    endloop
  endfacet
  facet normal 0 0 1
    outer loop
      vertex -0.8456525802612305 1.2355737686157227 1.5
      vertex 0.8456525802612305 1.2355737686157227 1.5
      vertex 0.6994314193725586 1.5621528625488281 1.5
    endloop
  endfacet
  facet normal 0 0 1
    outer loop
      vertex 1.0224418640136719 -0.43704795837402344 1.5
      vertex -1.0224418640136719 -0.43704795837402344 1.5
      vertex 0.9549140930175781 -0.8549947738647461 1.5
    endloop
  endfacet
  facet normal 0 0 1
    outer loop
      vertex -0.6994314193725586 1.5621528625488281 1.5
      vertex 0.6994314193725586 1.5621528625488281 1.5
      vertex 0.5226421356201172 1.8204584121704102 1.5
    endloop
  endfacet
  facet normal 0 0 1
    outer loop
      vertex -0.9549140930175781 -0.8549947738647461 1.5
      vertex 0.9549140930175781 -0.8549947738647461 1.5
      vertex -1.0224418640136719 -0.43704795837402344 1.5
    endloop
  endfacet
  facet normal 0 0 1
    outer loop
      vertex -0.5226421356201172 1.8204584121704102 1.5
      vertex 0.5226421356201172 1.8204584121704102 1.5
      vertex 0.3230104446411133 1.9992008209228516 1.5
    endloop
  endfacet
  facet normal 0 0 1
    outer loop
      vertex 0.9549140930175781 -0.8549947738647461 1.5
      vertex -0.9549140930175781 -0.8549947738647461 1.5
      vertex 0.8456525802612305 -1.2355737686157227 1.5
    endloop
  endfacet
  facet normal 0 0 1
    outer loop
      vertex -0.3230104446411133 1.9992008209228516 1.5
      vertex 0.3230104446411133 1.9992008209228516 1.5
      vertex 0.10926151275634766 2.0905685424804688 1.5
    endloop
  endfacet
  facet normal 0 0 1
    outer loop
      vertex -0.8456525802612305 -1.2355737686157227 1.5
      vertex 0.8456525802612305 -1.2355737686157227 1.5
      vertex -0.9549140930175781 -0.8549947738647461 1.5
    endloop
  endfacet
  facet normal 0 0 1
    outer loop
      vertex -0.3230104446411133 1.9992008209228516 1.5
      vertex 0.10926151275634766 2.0905685424804688 1.5
      vertex -0.10926151275634766 2.0905685424804688 1.5
    endloop
  endfacet
  facet normal 0 0 1
    outer loop
      vertex 0.8456525802612305 -1.2355737686157227 1.5
      vertex -0.8456525802612305 -1.2355737686157227 1.5
      vertex 0.6994314193725586 -1.5621528625488281 1.5
    endloop
  endfacet
  facet normal 0 0 1
    outer loop
      vertex 0.3230104446411133 1.9992008209228516 1.5
      vertex -0.3230104446411133 1.9992008209228516 1.5
      vertex -0.5226421356201172 1.8204584121704102 1.5
    endloop
  endfacet
  facet normal 0 0 1
    outer loop
      vertex -0.6994314193725586 -1.5621528625488281 1.5
      vertex 0.6994314193725586 -1.5621528625488281 1.5
      vertex -0.8456525802612305 -1.2355737686157227 1.5
    endloop
  endfacet
  facet normal 0 0 1
    outer loop
      vertex 0.5226421356201172 1.8204584121704102 1.5
      vertex -0.5226421356201172 1.8204584121704102 1.5
      vertex -0.6994314193725586 1.5621528625488281 1.5
    endloop
  endfacet
  facet normal 0 0 1
    outer loop
      vertex 0.6994314193725586 -1.5621528625488281 1.5
      vertex -0.6994314193725586 -1.5621528625488281 1.5
      vertex 0.5226421356201172 -1.8204584121704102 1.5
    endloop
  endfacet
  facet normal 0 0 1
    outer loop
      vertex 0.6994314193725586 1.5621528625488281 1.5
      vertex -0.6994314193725586 1.5621528625488281 1.5
      vertex -0.8456525802612305 1.2355737686157227 1.5
    endloop
  endfacet
  facet normal 0 0 1
    outer loop
      vertex 1.0224418640136719 0.43704795837402344 1.5
      vertex -1.0224418640136719 0.43704795837402344 1.5
      vertex -1.0452842712402344 0 1.5
    endloop
  endfacet
  facet normal 0 0 1
    outer loop
      vertex 0.8456525802612305 1.2355737686157227 1.5
      vertex -0.8456525802612305 1.2355737686157227 1.5
      vertex -0.9549140930175781 0.8549947738647461 1.5
    endloop
  endfacet
  facet normal 0 0 1
    outer loop
      vertex -0.5226421356201172 -1.8204584121704102 1.5
      vertex 0.5226421356201172 -1.8204584121704102 1.5
      vertex -0.6994314193725586 -1.5621528625488281 1.5
    endloop
  endfacet
  facet normal 0 0 1
    outer loop
      vertex 0.9549140930175781 0.8549947738647461 1.5
      vertex -0.9549140930175781 0.8549947738647461 1.5
      vertex -1.0224418640136719 0.43704795837402344 1.5
    endloop
  endfacet
  facet normal 0 0 1
    outer loop
      vertex 0.5226421356201172 -1.8204584121704102 1.5
      vertex -0.5226421356201172 -1.8204584121704102 1.5
      vertex 0.3230104446411133 -1.9992008209228516 1.5
    endloop
  endfacet
  facet normal 0 0 1
    outer loop
      vertex 0.3230104446411133 -1.9992008209228516 1.5
      vertex -0.3230104446411133 -1.9992008209228516 1.5
      vertex 0.10926151275634766 -2.0905685424804688 1.5
    endloop
  endfacet
  facet normal 0 0 1
    outer loop
      vertex 0.10926151275634766 -2.0905685424804688 1.5
      vertex -0.3230104446411133 -1.9992008209228516 1.5
      vertex -0.10926151275634766 -2.0905685424804688 1.5
    endloop
  endfacet
  facet normal 0 0 1
    outer loop
      vertex -0.3230104446411133 -1.9992008209228516 1.5
      vertex 0.3230104446411133 -1.9992008209228516 1.5
      vertex -0.5226421356201172 -1.8204584121704102 1.5
    endloop
  endfacet
  facet normal -0.14421563794697162 0.04140339664984574 0.9886797300022914
    outer loop
      vertex -6.5450849533081055 9.56295108795166 0.8865337371826172
      vertex -7.390737533569336 6.617387771606445 0.8865337371826172
      vertex -6.112812042236328 5.473180770874023 1.1208572387695312
    endloop
  endfacet
  facet normal -0.22136976041378228 0.06355388156026573 0.9731168138065277
    outer loop
      vertex -7.390737533569336 10.7985258102417 0.6134653091430664
      vertex -8.34565258026123 7.472382545471191 0.6134653091430664
      vertex -6.5450849533081055 9.56295108795166 0.8865337371826172
    endloop
  endfacet
  facet normal 0 -0.016027561124168577 0.9998715503925547
    outer loop
      vertex -0.10926151275634766 -2.0905685424804688 1.5
      vertex 0.3230104446411133 -6.180339813232422 1.4344425201416016
      vertex 0.10926151275634766 -2.0905685424804688 1.5
    endloop
  endfacet
  facet normal 0 -0.016027561124168577 0.9998715503925548
    outer loop
      vertex 0.3230104446411133 -6.180339813232422 1.4344425201416016
      vertex -0.10926151275634766 -2.0905685424804688 1.5
      vertex -0.3230104446411133 -6.180339813232422 1.4344425201416016
    endloop
  endfacet
  facet normal 0.0067012120128664655 0.015677056247706683 0.9998546512693557
    outer loop
      vertex 0.3230104446411133 6.180339813232422 1.4344425201416016
      vertex 0.10926151275634766 2.0905685424804688 1.5
      vertex 0.3230104446411133 1.9992008209228516 1.5
    endloop
  endfacet
  facet normal 0.027440435520315058 0.03064730401530237 0.9991535243670259
    outer loop
      vertex 1.5450849533081055 9.56295108795166 1.3061933517456055
      vertex 1.5450849533081055 5.381813049316406 1.4344425201416016
      vertex 2.5 8.707956314086914 1.3061933517456055
    endloop
  endfacet
  facet normal 0.04471556246739875 0.049941315112839696 0.9977506619982892
    outer loop
      vertex 2.0677270889282227 12.797727584838867 1.1208572387695312
      vertex 1.5450849533081055 9.56295108795166 1.3061933517456055
      vertex 2.5 8.707956314086914 1.3061933517456055
    endloop
  endfacet
  facet normal -0.06456673456901335 0.04419082621711894 0.9969344550497505
    outer loop
      vertex -2.5 8.707956314086914 1.3061933517456055
      vertex -4.477356910705566 10 1.1208572387695312
      vertex -3.3456525802612305 7.472382545471191 1.3061933517456055
    endloop
  endfacet
  facet normal -0.039642635930822595 0.02713225079293748 0.9988454847389387
    outer loop
      vertex -2.5 8.707956314086914 1.3061933517456055
      vertex -3.3456525802612305 7.472382545471191 1.3061933517456055
      vertex -1.5450849533081055 5.381813049316406 1.4344425201416016
    endloop
  endfacet
  facet normal -0.022870028306500353 0.053502698525688036 0.9983057763309442
    outer loop
      vertex -0.5226421356201172 10 1.3061933517456055
      vertex -2.0677270889282227 12.797727584838867 1.1208572387695312
      vertex -1.5450849533081055 9.56295108795166 1.3061933517456055
    endloop
  endfacet
  facet normal -0.022869966237208206 0.05350273277693332 0.9983057759172331
    outer loop
      vertex -0.6994314193725586 13.382611274719238 1.1208572387695312
      vertex -2.0677270889282227 12.797727584838867 1.1208572387695312
      vertex -0.5226421356201172 10 1.3061933517456055
    endloop
  endfacet
  facet normal 0.0067012120128664655 -0.015677056247706683 0.9998546512693557
    outer loop
      vertex 0.3230104446411133 -1.9992008209228516 1.5
      vertex 0.10926151275634766 -2.0905685424804688 1.5
      vertex 0.3230104446411133 -6.180339813232422 1.4344425201416016
    endloop
  endfacet
  facet normal 0.01894276231819684 -0.012964817999329872 0.9997365079109598
    outer loop
      vertex 2.0677270889282227 -4.618185997009277 1.4344425201416016
      vertex 0.5226421356201172 -1.8204584121704102 1.5
      vertex 1.5450849533081055 -5.381813049316406 1.4344425201416016
    endloop
  endfacet
  facet normal 0.018942784403440324 -0.012964805796341768 0.9997365076507448
    outer loop
      vertex 0.6994314193725586 -1.5621528625488281 1.5
      vertex 0.5226421356201172 -1.8204584121704102 1.5
      vertex 2.0677270889282227 -4.618185997009277 1.4344425201416016
    endloop
  endfacet
  facet normal -0.12400899544908336 0.055523263976904685 0.9907264689131204
    outer loop
      vertex -4.477356910705566 10 1.1208572387695312
      vertex -6.5450849533081055 9.56295108795166 0.8865337371826172
      vertex -5.413379669189453 7.909430503845215 1.1208572387695312
    endloop
  endfacet
  facet normal -0.12400900110043064 0.05552329193334963 0.9907264666389798
    outer loop
      vertex -5.413379669189453 12.090568542480469 0.8865337371826172
      vertex -6.5450849533081055 9.56295108795166 0.8865337371826172
      vertex -4.477356910705566 10 1.1208572387695312
    endloop
  endfacet
  facet normal 0.022869966237208206 0.05350273277693332 0.9983057759172331
    outer loop
      vertex 0.6994314193725586 13.382611274719238 1.1208572387695312
      vertex 0.5226421356201172 10 1.3061933517456055
      vertex 2.0677270889282227 12.797727584838867 1.1208572387695312
    endloop
  endfacet
  facet normal 0 0.05470878262016028 0.99850235307896
    outer loop
      vertex 0.6994314193725586 13.382611274719238 1.1208572387695312
      vertex -0.5226421356201172 10 1.3061933517456055
      vertex 0.5226421356201172 10 1.3061933517456055
    endloop
  endfacet
  facet normal 0 0.05470878262016028 0.99850235307896
    outer loop
      vertex -0.5226421356201172 10 1.3061933517456055
      vertex 0.6994314193725586 13.382611274719238 1.1208572387695312
      vertex -0.6994314193725586 13.382611274719238 1.1208572387695312
    endloop
  endfacet
  facet normal 0.6670539573344714 0.7450094079972556 0
    outer loop
      vertex 5 17.415912628173828 -3
      vertex 3.090169906616211 19.125904083251953 0
      vertex 5 17.415912628173828 0
    endloop
  endfacet
  facet normal 0.6670539573344714 0.7450094079972556 0
    outer loop
      vertex 3.090169906616211 19.125904083251953 0
      vertex 5 17.415912628173828 -3
      vertex 3.090169906616211 19.125904083251953 -3
    endloop
  endfacet
  facet normal -0.9611729602242559 -0.27594662624091076 0
    outer loop
      vertex -8.090169906616211 -11.82045841217041 -3
      vertex -9.135454177856445 -8.179540634155273 0
      vertex -9.135454177856445 -8.179540634155273 -3
    endloop
  endfacet
  facet normal -0.9611729602242559 -0.27594662624091076 0
    outer loop
      vertex -9.135454177856445 -8.179540634155273 0
      vertex -8.090169906616211 -11.82045841217041 -3
      vertex -8.090169906616211 -11.82045841217041 0
    endloop
  endfacet
  facet normal 0.9986370046791068 0.05219322643353103 0
    outer loop
      vertex 10 0 0
      vertex 9.781475067138672 4.181138038635254 -3
      vertex 9.781475067138672 4.181138038635254 0
    endloop
  endfacet
  facet normal 0.9986370046791068 0.05219322643353103 0
    outer loop
      vertex 9.781475067138672 4.181138038635254 -3
      vertex 10 0 0
      vertex 10 0 -3
    endloop
  endfacet
  facet normal 0.9126931330697211 0.4086456225721454 0
    outer loop
      vertex 8.090169906616211 11.82045841217041 0
      vertex 6.691305160522461 14.944765090942383 -3
      vertex 6.691305160522461 14.944765090942383 0
    endloop
  endfacet
  facet normal 0.9126931330697211 0.4086456225721454 0
    outer loop
      vertex 6.691305160522461 14.944765090942383 -3
      vertex 8.090169906616211 11.82045841217041 0
      vertex 8.090169906616211 11.82045841217041 -3
    endloop
  endfacet
  facet normal -0.825226324230855 0.5648021899713492 0
    outer loop
      vertex -6.691305160522461 14.944765090942383 -3
      vertex -5 17.415912628173828 0
      vertex -5 17.415912628173828 -3
    endloop
  endfacet
  facet normal -0.825226324230855 0.5648021899713492 0
    outer loop
      vertex -5 17.415912628173828 0
      vertex -6.691305160522461 14.944765090942383 -3
      vertex -6.691305160522461 14.944765090942383 0
    endloop
  endfacet
  facet normal -0.6670539573344714 0.7450094079972556 0
    outer loop
      vertex -3.090169906616211 19.125904083251953 -3
      vertex -5 17.415912628173828 0
      vertex -3.090169906616211 19.125904083251953 0
    endloop
  endfacet
  facet normal -0.6670539573344714 0.7450094079972556 0
    outer loop
      vertex -5 17.415912628173828 0
      vertex -3.090169906616211 19.125904083251953 -3
      vertex -5 17.415912628173828 -3
    endloop
  endfacet
  facet normal -0.9871977209607338 0.1595012844146818 0
    outer loop
      vertex -9.781475067138672 4.181138038635254 -3
      vertex -9.135454177856445 8.179540634155273 0
      vertex -9.135454177856445 8.179540634155273 -3
    endloop
  endfacet
  facet normal -0.9871977209607338 0.1595012844146818 0
    outer loop
      vertex -9.135454177856445 8.179540634155273 0
      vertex -9.781475067138672 4.181138038635254 -3
      vertex -9.781475067138672 4.181138038635254 0
    endloop
  endfacet
  facet normal 0.3930515892570203 -0.9195164208335438 0
    outer loop
      vertex 1.0452842712402344 -20 -3
      vertex 3.090169906616211 -19.125904083251953 0
      vertex 1.0452842712402344 -20 0
    endloop
  endfacet
  facet normal 0.3930515892570203 -0.9195164208335438 0
    outer loop
      vertex 3.090169906616211 -19.125904083251953 0
      vertex 1.0452842712402344 -20 -3
      vertex 3.090169906616211 -19.125904083251953 -3
    endloop
  endfacet
  facet normal 0.9871977209607338 0.1595012844146818 0
    outer loop
      vertex 9.781475067138672 4.181138038635254 0
      vertex 9.135454177856445 8.179540634155273 -3
      vertex 9.135454177856445 8.179540634155273 0
    endloop
  endfacet
  facet normal 0.9871977209607338 0.1595012844146818 0
    outer loop
      vertex 9.135454177856445 8.179540634155273 -3
      vertex 9.781475067138672 4.181138038635254 0
      vertex 9.781475067138672 4.181138038635254 -3
    endloop
  endfacet
  facet normal -0.3930515892570203 -0.9195164208335438 0
    outer loop
      vertex -3.090169906616211 -19.125904083251953 -3
      vertex -1.0452842712402344 -20 0
      vertex -3.090169906616211 -19.125904083251953 0
    endloop
  endfacet
  facet normal -0.3930515892570203 -0.9195164208335438 0
    outer loop
      vertex -1.0452842712402344 -20 0
      vertex -3.090169906616211 -19.125904083251953 -3
      vertex -1.0452842712402344 -20 -3
    endloop
  endfacet
  facet normal 0 1 0
    outer loop
      vertex 1.0452842712402344 20 -3
      vertex -1.0452842712402344 20 0
      vertex 1.0452842712402344 20 0
    endloop
  endfacet
  facet normal 0 1 0
    outer loop
      vertex -1.0452842712402344 20 0
      vertex 1.0452842712402344 20 -3
      vertex -1.0452842712402344 20 -3
    endloop
  endfacet
  facet normal 0.9986370308433238 -0.05219272581912409 0
    outer loop
      vertex 9.98093032836914 -0.3648723065853119 0
      vertex 10 0 -3
      vertex 10 0 0
    endloop
  endfacet
  facet normal 0.9986369746296526 -0.052193801380216155 -1.3117147759504272e-7
    outer loop
      vertex 9.934694290161133 -1.2495179176330566 0
      vertex 10 0 -3
      vertex 9.98093032836914 -0.3648723065853119 0
    endloop
  endfacet
  facet normal 0.9986370104903312 -0.05219311524458153 0
    outer loop
      vertex 9.781475067138672 -4.181138038635254 -3
      vertex 9.934694290161133 -1.2495179176330566 0
      vertex 9.781475067138672 -4.181138038635254 0
    endloop
  endfacet
  facet normal 0.9986370046791008 -0.05219322643353072 1.089513842992987e-7
    outer loop
      vertex 9.934694290161133 -1.2495179176330566 0
      vertex 9.781475067138672 -4.181138038635254 -3
      vertex 10 0 -3
    endloop
  endfacet
  facet normal -0.3930515892570203 0.9195164208335438 0
    outer loop
      vertex -1.0452842712402344 20 -3
      vertex -3.090169906616211 19.125904083251953 0
      vertex -1.0452842712402344 20 0
    endloop
  endfacet
  facet normal -0.3930515892570203 0.9195164208335438 0
    outer loop
      vertex -3.090169906616211 19.125904083251953 0
      vertex -1.0452842712402344 20 -3
      vertex -3.090169906616211 19.125904083251953 -3
    endloop
  endfacet
  facet normal -0.9611729602242559 0.27594662624091076 0
    outer loop
      vertex -9.135454177856445 8.179540634155273 -3
      vertex -8.090169906616211 11.82045841217041 0
      vertex -8.090169906616211 11.82045841217041 -3
    endloop
  endfacet
  facet normal -0.9611729602242559 0.27594662624091076 0
    outer loop
      vertex -8.090169906616211 11.82045841217041 0
      vertex -9.135454177856445 8.179540634155273 -3
      vertex -9.135454177856445 8.179540634155273 0
    endloop
  endfacet
  facet normal 0.9871977209607338 -0.1595012844146818 0
    outer loop
      vertex 9.135454177856445 -8.179540634155273 0
      vertex 9.781475067138672 -4.181138038635254 -3
      vertex 9.781475067138672 -4.181138038635254 0
    endloop
  endfacet
  facet normal 0.9871977209607338 -0.1595012844146818 0
    outer loop
      vertex 9.781475067138672 -4.181138038635254 -3
      vertex 9.135454177856445 -8.179540634155273 0
      vertex 9.135454177856445 -8.179540634155273 -3
    endloop
  endfacet
  facet normal 0.825226324230855 0.5648021899713492 0
    outer loop
      vertex 6.691305160522461 14.944765090942383 0
      vertex 5 17.415912628173828 -3
      vertex 5 17.415912628173828 0
    endloop
  endfacet
  facet normal 0.825226324230855 0.5648021899713492 0
    outer loop
      vertex 5 17.415912628173828 -3
      vertex 6.691305160522461 14.944765090942383 0
      vertex 6.691305160522461 14.944765090942383 -3
    endloop
  endfacet
  facet normal 0.9611729602242559 0.27594662624091076 0
    outer loop
      vertex 9.135454177856445 8.179540634155273 0
      vertex 8.090169906616211 11.82045841217041 -3
      vertex 8.090169906616211 11.82045841217041 0
    endloop
  endfacet
  facet normal 0.9611729602242559 0.27594662624091076 0
    outer loop
      vertex 8.090169906616211 11.82045841217041 -3
      vertex 9.135454177856445 8.179540634155273 0
      vertex 9.135454177856445 8.179540634155273 -3
    endloop
  endfacet
  facet normal 0 0 -1
    outer loop
      vertex -10 0 -3
      vertex 10 0 -3
      vertex 9.781475067138672 -4.181138038635254 -3
    endloop
  endfacet
  facet normal 0 0 -1
    outer loop
      vertex -9.781475067138672 -4.181138038635254 -3
      vertex 9.781475067138672 -4.181138038635254 -3
      vertex 9.135454177856445 -8.179540634155273 -3
    endloop
  endfacet
  facet normal 0 0 -1
    outer loop
      vertex 10 0 -3
      vertex -10 0 -3
      vertex 9.781475067138672 4.181138038635254 -3
    endloop
  endfacet
  facet normal 0 0 -1
    outer loop
      vertex -9.135454177856445 -8.179540634155273 -3
      vertex 9.135454177856445 -8.179540634155273 -3
      vertex 8.090169906616211 -11.82045841217041 -3
    endloop
  endfacet
  facet normal 0 0 -1
    outer loop
      vertex -9.781475067138672 4.181138038635254 -3
      vertex 9.781475067138672 4.181138038635254 -3
      vertex -10 0 -3
    endloop
  endfacet
  facet normal 0 0 -1
    outer loop
      vertex -8.090169906616211 -11.82045841217041 -3
      vertex 8.090169906616211 -11.82045841217041 -3
      vertex 6.691305160522461 -14.944765090942383 -3
    endloop
  endfacet
  facet normal 0 0 -1
    outer loop
      vertex 9.781475067138672 4.181138038635254 -3
      vertex -9.781475067138672 4.181138038635254 -3
      vertex 9.135454177856445 8.179540634155273 -3
    endloop
  endfacet
  facet normal 0 0 -1
    outer loop
      vertex -6.691305160522461 -14.944765090942383 -3
      vertex 6.691305160522461 -14.944765090942383 -3
      vertex 5 -17.415912628173828 -3
    endloop
  endfacet
  facet normal 0 0 -1
    outer loop
      vertex -9.135454177856445 8.179540634155273 -3
      vertex 9.135454177856445 8.179540634155273 -3
      vertex -9.781475067138672 4.181138038635254 -3
    endloop
  endfacet
  facet normal 0 0 -1
    outer loop
      vertex -5 -17.415912628173828 -3
      vertex 5 -17.415912628173828 -3
      vertex 3.090169906616211 -19.125904083251953 -3
    endloop
  endfacet
  facet normal 0 0 -1
    outer loop
      vertex 9.135454177856445 8.179540634155273 -3
      vertex -9.135454177856445 8.179540634155273 -3
      vertex 8.090169906616211 11.82045841217041 -3
    endloop
  endfacet
  facet normal 0 0 -1
    outer loop
      vertex -3.090169906616211 -19.125904083251953 -3
      vertex 3.090169906616211 -19.125904083251953 -3
      vertex 1.0452842712402344 -20 -3
    endloop
  endfacet
  facet normal 0 0 -1
    outer loop
      vertex -8.090169906616211 11.82045841217041 -3
      vertex 8.090169906616211 11.82045841217041 -3
      vertex -9.135454177856445 8.179540634155273 -3
    endloop
  endfacet
  facet normal 0 0 -1
    outer loop
      vertex -3.090169906616211 -19.125904083251953 -3
      vertex 1.0452842712402344 -20 -3
      vertex -1.0452842712402344 -20 -3
    endloop
  endfacet
  facet normal 0 0 -1
    outer loop
      vertex 8.090169906616211 11.82045841217041 -3
      vertex -8.090169906616211 11.82045841217041 -3
      vertex 6.691305160522461 14.944765090942383 -3
    endloop
  endfacet
  facet normal 0 0 -1
    outer loop
      vertex 3.090169906616211 -19.125904083251953 -3
      vertex -3.090169906616211 -19.125904083251953 -3
      vertex -5 -17.415912628173828 -3
    endloop
  endfacet
  facet normal 0 0 -1
    outer loop
      vertex -6.691305160522461 14.944765090942383 -3
      vertex 6.691305160522461 14.944765090942383 -3
      vertex -8.090169906616211 11.82045841217041 -3
    endloop
  endfacet
  facet normal 0 0 -1
    outer loop
      vertex 5 -17.415912628173828 -3
      vertex -5 -17.415912628173828 -3
      vertex -6.691305160522461 -14.944765090942383 -3
    endloop
  endfacet
  facet normal 0 0 -1
    outer loop
      vertex 6.691305160522461 14.944765090942383 -3
      vertex -6.691305160522461 14.944765090942383 -3
      vertex 5 17.415912628173828 -3
    endloop
  endfacet
  facet normal 0 0 -1
    outer loop
      vertex 6.691305160522461 -14.944765090942383 -3
      vertex -6.691305160522461 -14.944765090942383 -3
      vertex -8.090169906616211 -11.82045841217041 -3
    endloop
  endfacet
  facet normal 0 0 -1
    outer loop
      vertex 9.781475067138672 -4.181138038635254 -3
      vertex -9.781475067138672 -4.181138038635254 -3
      vertex -10 0 -3
    endloop
  endfacet
  facet normal 0 0 -1
    outer loop
      vertex 8.090169906616211 -11.82045841217041 -3
      vertex -8.090169906616211 -11.82045841217041 -3
      vertex -9.135454177856445 -8.179540634155273 -3
    endloop
  endfacet
  facet normal 0 0 -1
    outer loop
      vertex -5 17.415912628173828 -3
      vertex 5 17.415912628173828 -3
      vertex -6.691305160522461 14.944765090942383 -3
    endloop
  endfacet
  facet normal 0 0 -1
    outer loop
      vertex 9.135454177856445 -8.179540634155273 -3
      vertex -9.135454177856445 -8.179540634155273 -3
      vertex -9.781475067138672 -4.181138038635254 -3
    endloop
  endfacet
  facet normal 0 0 -1
    outer loop
      vertex 5 17.415912628173828 -3
      vertex -5 17.415912628173828 -3
      vertex 3.090169906616211 19.125904083251953 -3
    endloop
  endfacet
  facet normal 0 0 -1
    outer loop
      vertex 3.090169906616211 19.125904083251953 -3
      vertex -3.090169906616211 19.125904083251953 -3
      vertex 1.0452842712402344 20 -3
    endloop
  endfacet
  facet normal 0 0 -1
    outer loop
      vertex 1.0452842712402344 20 -3
      vertex -3.090169906616211 19.125904083251953 -3
      vertex -1.0452842712402344 20 -3
    endloop
  endfacet
  facet normal 0 0 -1
    outer loop
      vertex -3.090169906616211 19.125904083251953 -3
      vertex 3.090169906616211 19.125904083251953 -3
      vertex -5 17.415912628173828 -3
    endloop
  endfacet
  facet normal 0.9126931330697211 -0.4086456225721454 0
    outer loop
      vertex 6.691305160522461 -14.944765090942383 0
      vertex 8.090169906616211 -11.82045841217041 -3
      vertex 8.090169906616211 -11.82045841217041 0
    endloop
  endfacet
  facet normal 0.9126931330697211 -0.4086456225721454 0
    outer loop
      vertex 8.090169906616211 -11.82045841217041 -3
      vertex 6.691305160522461 -14.944765090942383 0
      vertex 6.691305160522461 -14.944765090942383 -3
    endloop
  endfacet
  facet normal -0.9126931330697211 -0.4086456225721454 0
    outer loop
      vertex -6.691305160522461 -14.944765090942383 -3
      vertex -8.090169906616211 -11.82045841217041 0
      vertex -8.090169906616211 -11.82045841217041 -3
    endloop
  endfacet
  facet normal -0.9126931330697211 -0.4086456225721454 0
    outer loop
      vertex -8.090169906616211 -11.82045841217041 0
      vertex -6.691305160522461 -14.944765090942383 -3
      vertex -6.691305160522461 -14.944765090942383 0
    endloop
  endfacet
  facet normal -0.9986370046791068 0.05219322643353103 0
    outer loop
      vertex -10 0 -3
      vertex -9.781475067138672 4.181138038635254 0
      vertex -9.781475067138672 4.181138038635254 -3
    endloop
  endfacet
  facet normal -0.9986370046791068 0.05219322643353103 0
    outer loop
      vertex -9.781475067138672 4.181138038635254 0
      vertex -10 0 -3
      vertex -10 0 0
    endloop
  endfacet
  facet normal -0.9986370308433238 -0.05219272581912409 0
    outer loop
      vertex -10 0 -3
      vertex -9.98093032836914 -0.3648723065853119 0
      vertex -10 0 0
    endloop
  endfacet
  facet normal -0.9986369746296526 -0.052193801380216155 -1.3117147759504272e-7
    outer loop
      vertex -10 0 -3
      vertex -9.934694290161133 -1.2495179176330566 0
      vertex -9.98093032836914 -0.3648723065853119 0
    endloop
  endfacet
  facet normal -0.9986370046791008 -0.05219322643353072 1.089513842992987e-7
    outer loop
      vertex -9.781475067138672 -4.181138038635254 -3
      vertex -9.934694290161133 -1.2495179176330566 0
      vertex -10 0 -3
    endloop
  endfacet
  facet normal -0.9986370104903312 -0.05219311524458153 0
    outer loop
      vertex -9.934694290161133 -1.2495179176330566 0
      vertex -9.781475067138672 -4.181138038635254 -3
      vertex -9.781475067138672 -4.181138038635254 0
    endloop
  endfacet
  facet normal -0.9871977209607338 -0.1595012844146818 0
    outer loop
      vertex -9.135454177856445 -8.179540634155273 -3
      vertex -9.781475067138672 -4.181138038635254 0
      vertex -9.781475067138672 -4.181138038635254 -3
    endloop
  endfacet
  facet normal -0.9871977209607338 -0.1595012844146818 0
    outer loop
      vertex -9.781475067138672 -4.181138038635254 0
      vertex -9.135454177856445 -8.179540634155273 -3
      vertex -9.135454177856445 -8.179540634155273 0
    endloop
  endfacet
  facet normal 0 -1 0
    outer loop
      vertex -1.0452842712402344 -20 -3
      vertex 1.0452842712402344 -20 0
      vertex -1.0452842712402344 -20 0
    endloop
  endfacet
  facet normal 0 -1 0
    outer loop
      vertex 1.0452842712402344 -20 0
      vertex -1.0452842712402344 -20 -3
      vertex 1.0452842712402344 -20 -3
    endloop
  endfacet
  facet normal -0.9126931330697211 0.4086456225721454 0
    outer loop
      vertex -8.090169906616211 11.82045841217041 -3
      vertex -6.691305160522461 14.944765090942383 0
      vertex -6.691305160522461 14.944765090942383 -3
    endloop
  endfacet
  facet normal -0.9126931330697211 0.4086456225721454 0
    outer loop
      vertex -6.691305160522461 14.944765090942383 0
      vertex -8.090169906616211 11.82045841217041 -3
      vertex -8.090169906616211 11.82045841217041 0
    endloop
  endfacet
  facet normal 0.3930515892570203 0.9195164208335438 0
    outer loop
      vertex 3.090169906616211 19.125904083251953 -3
      vertex 1.0452842712402344 20 0
      vertex 3.090169906616211 19.125904083251953 0
    endloop
  endfacet
  facet normal 0.3930515892570203 0.9195164208335438 0
    outer loop
      vertex 1.0452842712402344 20 0
      vertex 3.090169906616211 19.125904083251953 -3
      vertex 1.0452842712402344 20 -3
    endloop
  endfacet
  facet normal -0.825226324230855 -0.5648021899713492 0
    outer loop
      vertex -5 -17.415912628173828 -3
      vertex -6.691305160522461 -14.944765090942383 0
      vertex -6.691305160522461 -14.944765090942383 -3
    endloop
  endfacet
  facet normal -0.825226324230855 -0.5648021899713492 0
    outer loop
      vertex -6.691305160522461 -14.944765090942383 0
      vertex -5 -17.415912628173828 -3
      vertex -5 -17.415912628173828 0
    endloop
  endfacet
  facet normal 0.9611729602242559 -0.27594662624091076 0
    outer loop
      vertex 8.090169906616211 -11.82045841217041 0
      vertex 9.135454177856445 -8.179540634155273 -3
      vertex 9.135454177856445 -8.179540634155273 0
    endloop
  endfacet
  facet normal 0.9611729602242559 -0.27594662624091076 0
    outer loop
      vertex 9.135454177856445 -8.179540634155273 -3
      vertex 8.090169906616211 -11.82045841217041 0
      vertex 8.090169906616211 -11.82045841217041 -3
    endloop
  endfacet
  facet normal 0.825226324230855 -0.5648021899713492 0
    outer loop
      vertex 5 -17.415912628173828 0
      vertex 6.691305160522461 -14.944765090942383 -3
      vertex 6.691305160522461 -14.944765090942383 0
    endloop
  endfacet
  facet normal 0.825226324230855 -0.5648021899713492 0
    outer loop
      vertex 6.691305160522461 -14.944765090942383 -3
      vertex 5 -17.415912628173828 0
      vertex 5 -17.415912628173828 -3
    endloop
  endfacet
  facet normal -0.6670539573344714 -0.7450094079972556 0
    outer loop
      vertex -5 -17.415912628173828 -3
      vertex -3.090169906616211 -19.125904083251953 0
      vertex -5 -17.415912628173828 0
    endloop
  endfacet
  facet normal -0.6670539573344714 -0.7450094079972556 0
    outer loop
      vertex -3.090169906616211 -19.125904083251953 0
      vertex -5 -17.415912628173828 -3
      vertex -3.090169906616211 -19.125904083251953 -3
    endloop
  endfacet
  facet normal 0.6670539573344714 -0.7450094079972556 0
    outer loop
      vertex 3.090169906616211 -19.125904083251953 -3
      vertex 5 -17.415912628173828 0
      vertex 3.090169906616211 -19.125904083251953 0
    endloop
  endfacet
  facet normal 0.6670539573344714 -0.7450094079972556 0
    outer loop
      vertex 5 -17.415912628173828 0
      vertex 3.090169906616211 -19.125904083251953 -3
      vertex 5 -17.415912628173828 -3
    endloop
  endfacet
  facet normal -0.15313488964834343 -0.1710314702691641 0.9732923208111517
    outer loop
      vertex -0.5226421356201172 -1.8204584121704102 18
      vertex -1.5450849533081055 -5.381813049316406 17.213314056396484
      vertex -0.3230104446411133 -1.9992008209228516 18
    endloop
  endfacet
  facet normal 0.3907296329602187 -0.9140843681419294 0.10853626972280968
    outer loop
      vertex 3.022642135620117 -18.707956314086914 3.76302433013916
      vertex 1.0452842712402344 -20 0
      vertex 3.090169906616211 -19.125904083251953 0
    endloop
  endfacet
  facet normal -0.3370770768321335 -0.7885677548965184 0.5143344633716161
    outer loop
      vertex -0.8456525802612305 -16.180339813232422 10.638412475585938
      vertex -2.8230104446411133 -17.472381591796875 7.361586570739746
      vertex -0.9549140930175781 -18.27090835571289 7.361586570739746
    endloop
  endfacet
  facet normal 0 -0.941173859593862 0.3379227219604996
    outer loop
      vertex -1.0224418640136719 -19.562950134277344 3.76302433013916
      vertex 0.9549140930175781 -18.27090835571289 7.361586570739746
      vertex -0.9549140930175781 -18.27090835571289 7.361586570739746
    endloop
  endfacet
  facet normal 0 -0.9411738595938621 0.33792272196049966
    outer loop
      vertex 0.9549140930175781 -18.27090835571289 7.361586570739746
      vertex -1.0224418640136719 -19.562950134277344 3.76302433013916
      vertex 1.0224418640136719 -19.562950134277344 3.76302433013916
    endloop
  endfacet
  facet normal -0.6640818480801784 -0.7416899623486726 0.09429368378443723
    outer loop
      vertex -4.890737533569336 -17.035335540771484 3.76302433013916
      vertex -5 -17.415912628173828 0
      vertex -3.090169906616211 -19.125904083251953 0
    endloop
  endfacet
  facet normal -0.3724109143631963 -0.8712287450641308 0.3197977245653069
    outer loop
      vertex -0.9549140930175781 -18.27090835571289 7.361586570739746
      vertex -2.8230104446411133 -17.472381591796875 7.361586570739746
      vertex -1.0224418640136719 -19.562950134277344 3.76302433013916
    endloop
  endfacet
  facet normal -0.9969622546614992 -0.05209790756487082 0.05789707080347154
    outer loop
      vertex -9.955076217651367 -0.4250253438949585 0.39106857776641846
      vertex -9.98093032836914 -0.3648723065853119 0
      vertex -9.97867202758789 -0.3901989459991455 0.016097113490104675
    endloop
  endfacet
  facet normal -0.9969619408127535 -0.05210517898079578 0.05789593158631378
    outer loop
      vertex -9.98093032836914 -0.3648723065853119 0
      vertex -9.955076217651367 -0.4250253438949585 0.39106857776641846
      vertex -10 0 0
    endloop
  endfacet
  facet normal -0.9969618746212878 -0.05210604609592221 0.05789629100259297
    outer loop
      vertex -9.956592559814453 -0.7321973443031311 0.08850595355033875
      vertex -9.955076217651367 -0.4250253438949585 0.39106857776641846
      vertex -9.97867202758789 -0.3901989459991455 0.016097113490104675
    endloop
  endfacet
  facet normal -0.9969619081817951 -0.05210901757112761 0.05789303863406981
    outer loop
      vertex -9.930330276489258 -0.8801978230476379 0.4075483977794647
      vertex -9.956592559814453 -0.7321973443031311 0.08850595355033875
      vertex -9.948507308959961 -0.8574289083480835 0.115020252764225
    endloop
  endfacet
  facet normal -0.9969620148809754 -0.05210478463859391 0.05789501103058622
    outer loop
      vertex -9.956592559814453 -0.7321973443031311 0.08850595355033875
      vertex -9.930330276489258 -0.8801978230476379 0.4075483977794647
      vertex -9.955076217651367 -0.4250253438949585 0.39106857776641846
    endloop
  endfacet
  facet normal -0.9969622649613795 -0.052101517873286214 0.05789364454217655
    outer loop
      vertex -9.94384479522705 -0.9897915124893188 0.07619142532348633
      vertex -9.930330276489258 -0.8801978230476379 0.4075483977794647
      vertex -9.948507308959961 -0.8574289083480835 0.115020252764225
    endloop
  endfacet
  facet normal -0.9969619107225943 -0.05210648613261594 0.057895273306766436
    outer loop
      vertex -9.94384479522705 -0.9897915124893188 0.07619142532348633
      vertex -9.914449691772461 -1.1722931861877441 0.4181239604949951
      vertex -9.930330276489258 -0.8801978230476379 0.4075483977794647
    endloop
  endfacet
  facet normal -0.9969618827051037 -0.052107809865858695 0.057894564374200985
    outer loop
      vertex -9.934694290161133 -1.2495179176330566 0
      vertex -9.914449691772461 -1.1722931861877441 0.4181239604949951
      vertex -9.94384479522705 -0.9897915124893188 0.07619142532348633
    endloop
  endfacet
  facet normal -0.9969620109489237 -0.05210576823027168 0.0578941935068747
    outer loop
      vertex -9.934694290161133 -1.2495179176330566 0
      vertex -9.851540565490723 -2.2939136028289795 0.4919675588607788
      vertex -9.914449691772461 -1.1722931861877441 0.4181239604949951
    endloop
  endfacet
  facet normal -0.9969619443636846 -0.052104821416847885 0.057896192238348236
    outer loop
      vertex -9.934694290161133 -1.2495179176330566 0
      vertex -9.837387084960938 -2.546262741088867 0.5085813403129578
      vertex -9.851540565490723 -2.2939136028289795 0.4919675588607788
    endloop
  endfacet
  facet normal -0.9969620155499838 -0.0521055727210847 0.0578942902359281
    outer loop
      vertex -9.781475067138672 -4.181138038635254 0
      vertex -9.837387084960938 -2.546262741088867 0.5085813403129578
      vertex -9.934694290161133 -1.2495179176330566 0
    endloop
  endfacet
  facet normal -0.9969619424686205 -0.05210587662622612 0.057895275197615226
    outer loop
      vertex -9.837387084960938 -2.546262741088867 0.5085813403129578
      vertex -9.781475067138672 -4.181138038635254 0
      vertex -9.824646949768066 -2.7673184871673584 0.5290169715881348
    endloop
  endfacet
  facet normal -0.9969619589675953 -0.05210579747592822 0.05789506231875398
    outer loop
      vertex -9.824646949768066 -2.7673184871673584 0.5290169715881348
      vertex -9.781475067138672 -4.181138038635254 0
      vertex -9.744085311889648 -4.16515588760376 0.6582413911819458
    endloop
  endfacet
  facet normal -0.28705619474180005 -0.6715484719101485 0.6830969118181566
    outer loop
      vertex -0.6994314193725586 -13.382611274719238 13.450288772583008
      vertex -2.0677270889282227 -12.797727584838867 13.450288772583008
      vertex -0.8456525802612305 -16.180339813232422 10.638412475585938
    endloop
  endfacet
  facet normal 0.9592036726987114 -0.27538371669352407 0.06396970268309964
    outer loop
      vertex 8.57474136352539 -9.59238338470459 2.325676918029785
      vertex 8.090169906616211 -11.82045841217041 0
      vertex 8.604429244995117 -9.497640609741211 2.2883763313293457
    endloop
  endfacet
  facet normal 0.9592045224529467 -0.275381329279992 0.0639672384099779
    outer loop
      vertex 8.090169906616211 -11.82045841217041 0
      vertex 8.57474136352539 -9.59238338470459 2.325676918029785
      vertex 7.919559478759766 -11.571182250976562 3.631488561630249
    endloop
  endfacet
  facet normal 0.9104058853486412 -0.4076215393013381 0.0707517110758755
    outer loop
      vertex 8.090169906616211 -11.82045841217041 0
      vertex 6.5450849533081055 -14.618185997009277 3.76302433013916
      vertex 6.691305160522461 -14.944765090942383 0
    endloop
  endfacet
  facet normal -0.3447351934017321 -0.05569916755311715 0.9370460229701422
    outer loop
      vertex -2.058640718460083 -0.8799759149551392 17.592458724975586
      vertex -2.094006299972534 -1.6811988353729248 17.531822204589844
      vertex -1.0224418640136719 -0.43704795837402344 18
    endloop
  endfacet
  facet normal 0.5179854719119119 -0.5785206816147769 0.6300832261155411
    outer loop
      vertex 4.0450849533081055 -14.089770317077637 10.638412475585938
      vertex 2.0677270889282227 -12.797727584838867 13.450288772583008
      vertex 2.5 -15.473180770874023 10.638412475585938
    endloop
  endfacet
  facet normal 0.3163405826983338 -0.0908191232005869 0.9442883683489676
    outer loop
      vertex 0.8456525802612305 -1.2355737686157227 18
      vertex 2.102907657623291 -1.8828641176223755 17.516559600830078
      vertex 0.9549140930175781 -0.8549947738647461 18
    endloop
  endfacet
  facet normal 0.31634308651725335 -0.09081400137552134 0.9442880221452057
    outer loop
      vertex 2.102907657623291 -1.8828641176223755 17.516559600830078
      vertex 0.8456525802612305 -1.2355737686157227 18
      vertex 2.111212730407715 -2.062514543533325 17.49650001525879
    endloop
  endfacet
  facet normal -0.640174764532119 -0.7149902420111501 0.28100751713269745
    outer loop
      vertex -2.8230104446411133 -17.472381591796875 7.361586570739746
      vertex -4.890737533569336 -17.035335540771484 3.76302433013916
      vertex -3.022642135620117 -18.707956314086914 3.76302433013916
    endloop
  endfacet
  facet normal -0.2252739003617912 -0.5270112225150609 0.8194576506195832
    outer loop
      vertex -1.5450849533081055 -9.56295108795166 15.674322128295898
      vertex -2.0677270889282227 -12.797727584838867 13.450288772583008
      vertex -0.5226421356201172 -10 15.674322128295898
    endloop
  endfacet
  facet normal -0.9854284865202696 -0.15921621393684465 0.0598405813306293
    outer loop
      vertex -9.781475067138672 -4.181138038635254 0
      vertex -9.701569557189941 -4.416046619415283 0.6908340454101562
      vertex -9.744085311889648 -4.16515588760376 0.6582413911819458
    endloop
  endfacet
  facet normal -0.9854287244608355 -0.1592145136060016 0.05984118702612192
    outer loop
      vertex -9.781475067138672 -4.181138038635254 0
      vertex -9.590317726135254 -5.0685930252075195 0.7866859436035156
      vertex -9.701569557189941 -4.416046619415283 0.6908340454101562
    endloop
  endfacet
  facet normal -0.9854286382004497 -0.15921545416354774 0.05984010502917334
    outer loop
      vertex -9.135454177856445 -8.179540634155273 0
      vertex -9.590317726135254 -5.0685930252075195 0.7866859436035156
      vertex -9.781475067138672 -4.181138038635254 0
    endloop
  endfacet
  facet normal -0.9854286330097296 -0.1592154666315231 0.05984015733503674
    outer loop
      vertex -9.590317726135254 -5.0685930252075195 0.7866859436035156
      vertex -9.135454177856445 -8.179540634155273 0
      vertex -9.312765121459961 -6.605223655700684 1.2688524723052979
    endloop
  endfacet
  facet normal -0.9854279904878421 -0.15921815562598735 0.05984358346683462
    outer loop
      vertex -9.312765121459961 -6.605223655700684 1.2688524723052979
      vertex -9.135454177856445 -8.179540634155273 0
      vertex -9.286460876464844 -6.750850200653076 1.3145474195480347
    endloop
  endfacet
  facet normal -0.9104055777872817 -0.4076221714620155 0.07075202658862034
    outer loop
      vertex -8.090169906616211 -11.82045841217041 0
      vertex -7.839104175567627 -11.728044509887695 3.76302433013916
      vertex -7.919559478759766 -11.571182250976562 3.631488561630249
    endloop
  endfacet
  facet normal -0.9104060202273816 -0.407621182383125 0.07075203181763441
    outer loop
      vertex -7.839104175567627 -11.728044509887695 3.76302433013916
      vertex -8.090169906616211 -11.82045841217041 0
      vertex -6.5450849533081055 -14.618185997009277 3.76302433013916
    endloop
  endfacet
  facet normal -0.9592044252712372 -0.2753816933760655 0.06396712822541172
    outer loop
      vertex -9.135454177856445 -8.179540634155273 0
      vertex -8.604429244995117 -9.497640609741211 2.2883763313293457
      vertex -9.043307304382324 -8.09703540802002 1.7369564771652222
    endloop
  endfacet
  facet normal -0.9592044758290564 -0.27538148692661246 0.06396725887196555
    outer loop
      vertex -8.604429244995117 -9.497640609741211 2.2883763313293457
      vertex -9.135454177856445 -8.179540634155273 0
      vertex -8.090169906616211 -11.82045841217041 0
    endloop
  endfacet
  facet normal 0.3907291842500569 -0.9140845255319621 0.1085365595469696
    outer loop
      vertex 3.022642135620117 -18.707956314086914 3.76302433013916
      vertex 1.0224418640136719 -19.562950134277344 3.76302433013916
      vertex 1.0452842712402344 -20 0
    endloop
  endfacet
  facet normal 0.8225269206116024 -0.5629546615648948 0.08081778202567427
    outer loop
      vertex 6.5450849533081055 -14.618185997009277 3.76302433013916
      vertex 5 -17.415912628173828 0
      vertex 6.691305160522461 -14.944765090942383 0
    endloop
  endfacet
  facet normal 0.3724109143631963 -0.8712287450641308 0.3197977245653069
    outer loop
      vertex 2.8230104446411133 -17.472381591796875 7.361586570739746
      vertex 0.9549140930175781 -18.27090835571289 7.361586570739746
      vertex 1.0224418640136719 -19.562950134277344 3.76302433013916
    endloop
  endfacet
  facet normal 0.3589924639800434 -0.018762819723508437 0.93315184584373
    outer loop
      vertex 1.0224418640136719 -0.43704795837402344 18
      vertex 2.049268960952759 -0.6560224294662476 17.600566864013672
      vertex 1.0452842712402344 0 18
    endloop
  endfacet
  facet normal 0.3589926931989412 -0.01876162772077986 0.9331517816277466
    outer loop
      vertex 2.049268960952759 -0.6560224294662476 17.600566864013672
      vertex 1.0224418640136719 -0.43704795837402344 18
      vertex 2.058640718460083 -0.8799759149551392 17.592458724975586
    endloop
  endfacet
  facet normal -0.4186737502806721 -0.46760269889226674 0.7784985592887027
    outer loop
      vertex -1.5450849533081055 -9.56295108795166 15.674322128295898
      vertex -2.5 -8.707956314086914 15.674322128295898
      vertex -2.0677270889282227 -12.797727584838867 13.450288772583008
    endloop
  endfacet
  facet normal -0.5179854719119119 -0.5785206816147769 0.6300832261155411
    outer loop
      vertex -2.0677270889282227 -12.797727584838867 13.450288772583008
      vertex -4.0450849533081055 -14.089770317077637 10.638412475585938
      vertex -2.5 -15.473180770874023 10.638412475585938
    endloop
  endfacet
  facet normal -0.2870567398136815 -0.6715484754965565 0.6830966792378595
    outer loop
      vertex -2.0677270889282227 -12.797727584838867 13.450288772583008
      vertex -2.5 -15.473180770874023 10.638412475585938
      vertex -0.8456525802612305 -16.180339813232422 10.638412475585938
    endloop
  endfacet
  facet normal -0.591751589212907 -0.6609075954861848 0.46155303800610853
    outer loop
      vertex -2.5 -15.473180770874023 10.638412475585938
      vertex -4.0450849533081055 -14.089770317077637 10.638412475585938
      vertex -2.8230104446411133 -17.472381591796875 7.361586570739746
    endloop
  endfacet
  facet normal 0 -0.993322849943867 0.1153677415025267
    outer loop
      vertex -1.0452842712402344 -20 0
      vertex 1.0224418640136719 -19.562950134277344 3.76302433013916
      vertex -1.0224418640136719 -19.562950134277344 3.76302433013916
    endloop
  endfacet
  facet normal 0 -0.993322849943867 0.1153677415025267
    outer loop
      vertex 1.0224418640136719 -19.562950134277344 3.76302433013916
      vertex -1.0452842712402344 -20 0
      vertex 1.0452842712402344 -20 0
    endloop
  endfacet
  facet normal 0.3724103531042461 -0.8712288578439753 0.3197980709145273
    outer loop
      vertex 2.8230104446411133 -17.472381591796875 7.361586570739746
      vertex 1.0224418640136719 -19.562950134277344 3.76302433013916
      vertex 3.022642135620117 -18.707956314086914 3.76302433013916
    endloop
  endfacet
  facet normal 0.6401749002248419 -0.714990082247607 0.2810076145047925
    outer loop
      vertex 4.567727088928223 -15.910228729248047 7.361586570739746
      vertex 2.8230104446411133 -17.472381591796875 7.361586570739746
      vertex 4.890737533569336 -17.035335540771484 3.76302433013916
    endloop
  endfacet
  facet normal -0.7538337721241813 -0.5159397109097098 0.4068671266045376
    outer loop
      vertex -4.875078201293945 -13.689339637756348 9.6083984375
      vertex -4.0450849533081055 -14.089770317077637 10.638412475585938
      vertex -4.454563617706299 -13.491485595703125 10.638412475585938
    endloop
  endfacet
  facet normal -0.7538334165911783 -0.5159407858490244 0.40686642221736896
    outer loop
      vertex -4.0450849533081055 -14.089770317077637 10.638412475585938
      vertex -4.875078201293945 -13.689339637756348 9.6083984375
      vertex -5.376811981201172 -13.808287620544434 8.527960777282715
    endloop
  endfacet
  facet normal -0.15484096032068215 -0.36223869548560206 0.9191340514309424
    outer loop
      vertex -0.3230104446411133 -6.180339813232422 17.213314056396484
      vertex -1.5450849533081055 -9.56295108795166 15.674322128295898
      vertex -0.5226421356201172 -10 15.674322128295898
    endloop
  endfacet
  facet normal 0.418674044649784 -0.4676026574518164 0.7784984258690508
    outer loop
      vertex 2.5 -8.707956314086914 15.674322128295898
      vertex 2.0677270889282227 -12.797727584838867 13.450288772583008
      vertex 3.3456525802612305 -11.653520584106445 13.450288772583008
    endloop
  endfacet
  facet normal -0.15484112278002615 -0.3622386351574771 0.9191340478382188
    outer loop
      vertex -0.9549140930175781 -5.910228729248047 17.213314056396484
      vertex -1.5450849533081055 -9.56295108795166 15.674322128295898
      vertex -0.3230104446411133 -6.180339813232422 17.213314056396484
    endloop
  endfacet
  facet normal 0 -0.37371900493150795 0.9275419695911358
    outer loop
      vertex -0.3230104446411133 -6.180339813232422 17.213314056396484
      vertex 0.5226421356201172 -10 15.674322128295898
      vertex 0.3230104446411133 -6.180339813232422 17.213314056396484
    endloop
  endfacet
  facet normal 0 -0.373719004931508 0.9275419695911359
    outer loop
      vertex 0.5226421356201172 -10 15.674322128295898
      vertex -0.3230104446411133 -6.180339813232422 17.213314056396484
      vertex -0.5226421356201172 -10 15.674322128295898
    endloop
  endfacet
  facet normal -0.3163399985006056 -0.09081906091537227 0.9442885700478889
    outer loop
      vertex -2.111212730407715 -2.062514543533325 17.49650001525879
      vertex -2.16188907623291 -3.158712148666382 17.374094009399414
      vertex -0.8456525802612305 -1.2355737686157227 18
    endloop
  endfacet
  facet normal -0.3163405826983338 -0.0908191232005869 0.9442883683489676
    outer loop
      vertex -2.102907657623291 -1.8828641176223755 17.516559600830078
      vertex -0.8456525802612305 -1.2355737686157227 18
      vertex -0.9549140930175781 -0.8549947738647461 18
    endloop
  endfacet
  facet normal -0.31634308651725335 -0.09081400137552134 0.9442880221452057
    outer loop
      vertex -0.8456525802612305 -1.2355737686157227 18
      vertex -2.102907657623291 -1.8828641176223755 17.516559600830078
      vertex -2.111212730407715 -2.062514543533325 17.49650001525879
    endloop
  endfacet
  facet normal -0.996961951059039 -0.05210612965409588 0.057894899542402935
    outer loop
      vertex -9.97818374633789 0 0.3756803274154663
      vertex -10 0 0
      vertex -9.955076217651367 -0.4250253438949585 0.39106857776641846
    endloop
  endfacet
  facet normal -0.9104058853486412 -0.4076215393013381 0.0707517110758755
    outer loop
      vertex -6.5450849533081055 -14.618185997009277 3.76302433013916
      vertex -8.090169906616211 -11.82045841217041 0
      vertex -6.691305160522461 -14.944765090942383 0
    endloop
  endfacet
  facet normal 0.640174764532119 -0.7149902420111501 0.28100751713269745
    outer loop
      vertex 4.890737533569336 -17.035335540771484 3.76302433013916
      vertex 2.8230104446411133 -17.472381591796875 7.361586570739746
      vertex 3.022642135620117 -18.707956314086914 3.76302433013916
    endloop
  endfacet
  facet normal 0.9592044252712372 -0.2753816933760655 0.06396712822541172
    outer loop
      vertex 8.604429244995117 -9.497640609741211 2.2883763313293457
      vertex 9.135454177856445 -8.179540634155273 0
      vertex 9.043307304382324 -8.09703540802002 1.7369564771652222
    endloop
  endfacet
  facet normal 0.9592044758290564 -0.27538148692661246 0.06396725887196555
    outer loop
      vertex 9.135454177856445 -8.179540634155273 0
      vertex 8.604429244995117 -9.497640609741211 2.2883763313293457
      vertex 8.090169906616211 -11.82045841217041 0
    endloop
  endfacet
  facet normal 0.5657736055578155 -0.3872276542683245 0.7279800622434384
    outer loop
      vertex 2.715446949005127 -8.393169403076172 15.674322128295898
      vertex 2.5 -8.707956314086914 15.674322128295898
      vertex 2.7984724044799805 -8.902983665466309 15.338615417480469
    endloop
  endfacet
  facet normal 0.5179856979747871 -0.5785204313242096 0.630083270079458
    outer loop
      vertex 3.3456525802612305 -11.653520584106445 13.450288772583008
      vertex 2.0677270889282227 -12.797727584838867 13.450288772583008
      vertex 4.0450849533081055 -14.089770317077637 10.638412475585938
    endloop
  endfacet
  facet normal -0.8004625652394471 -0.5478532277073014 0.24313889557406387
    outer loop
      vertex -4.890737533569336 -17.035335540771484 3.76302433013916
      vertex -6.167697906494141 -13.775307655334473 6.90467643737793
      vertex -6.5450849533081055 -14.618185997009277 3.76302433013916
    endloop
  endfacet
  facet normal -0.8004619771402284 -0.5478537433970856 0.24313966973440743
    outer loop
      vertex -6.167697906494141 -13.775307655334473 6.90467643737793
      vertex -4.890737533569336 -17.035335540771484 3.76302433013916
      vertex -6.038239479064941 -13.85913372039795 7.141997337341309
    endloop
  endfacet
  facet normal -0.3907291842500569 -0.9140845255319621 0.1085365595469696
    outer loop
      vertex -1.0224418640136719 -19.562950134277344 3.76302433013916
      vertex -3.022642135620117 -18.707956314086914 3.76302433013916
      vertex -1.0452842712402344 -20 0
    endloop
  endfacet
  facet normal 0.3370770768321335 -0.7885677548965184 0.5143344633716161
    outer loop
      vertex 2.8230104446411133 -17.472381591796875 7.361586570739746
      vertex 0.8456525802612305 -16.180339813232422 10.638412475585938
      vertex 0.9549140930175781 -18.27090835571289 7.361586570739746
    endloop
  endfacet
  facet normal 0.6640811526288135 -0.7416905044361469 0.09429431771024414
    outer loop
      vertex 4.890737533569336 -17.035335540771484 3.76302433013916
      vertex 3.022642135620117 -18.707956314086914 3.76302433013916
      vertex 3.090169906616211 -19.125904083251953 0
    endloop
  endfacet
  facet normal 0.6640818480801784 -0.7416899623486726 0.09429368378443723
    outer loop
      vertex 4.890737533569336 -17.035335540771484 3.76302433013916
      vertex 3.090169906616211 -19.125904083251953 0
      vertex 5 -17.415912628173828 0
    endloop
  endfacet
  facet normal 0.8225269873069476 -0.5629545770671684 0.08081769181857383
    outer loop
      vertex 6.5450849533081055 -14.618185997009277 3.76302433013916
      vertex 4.890737533569336 -17.035335540771484 3.76302433013916
      vertex 5 -17.415912628173828 0
    endloop
  endfacet
  facet normal 0.8004619771402284 -0.5478537433970856 0.24313966973440743
    outer loop
      vertex 4.890737533569336 -17.035335540771484 3.76302433013916
      vertex 6.167697906494141 -13.775307655334473 6.90467643737793
      vertex 6.038239479064941 -13.85913372039795 7.141997337341309
    endloop
  endfacet
  facet normal 0.8004625652394471 -0.5478532277073014 0.24313889557406387
    outer loop
      vertex 6.167697906494141 -13.775307655334473 6.90467643737793
      vertex 4.890737533569336 -17.035335540771484 3.76302433013916
      vertex 6.5450849533081055 -14.618185997009277 3.76302433013916
    endloop
  endfacet
  facet normal 0 -0.5493804979004417 0.8355722999996246
    outer loop
      vertex -0.5226421356201172 -10 15.674322128295898
      vertex 0.6994314193725586 -13.382611274719238 13.450288772583008
      vertex 0.5226421356201172 -10 15.674322128295898
    endloop
  endfacet
  facet normal 0 -0.5493804979004419 0.8355722999996247
    outer loop
      vertex 0.6994314193725586 -13.382611274719238 13.450288772583008
      vertex -0.5226421356201172 -10 15.674322128295898
      vertex -0.6994314193725586 -13.382611274719238 13.450288772583008
    endloop
  endfacet
  facet normal -0.6777597942248997 -0.4638730781631985 0.5704940216055036
    outer loop
      vertex -4.16765022277832 -12.930166244506836 11.435685157775879
      vertex -4.454563617706299 -13.491485595703125 10.638412475585938
      vertex -4.0450849533081055 -14.089770317077637 10.638412475585938
    endloop
  endfacet
  facet normal -0.891512641083821 -0.3991621844547536 0.21418394264990945
    outer loop
      vertex -7.30268669128418 -12.503990173339844 4.549710273742676
      vertex -6.5450849533081055 -14.618185997009277 3.76302433013916
      vertex -6.917679786682129 -12.93524169921875 5.348552703857422
    endloop
  endfacet
  facet normal -0.8915129255916149 -0.3991619844511786 0.21418313115667342
    outer loop
      vertex -7.6103363037109375 -12.058964729309082 4.098524570465088
      vertex -6.5450849533081055 -14.618185997009277 3.76302433013916
      vertex -7.30268669128418 -12.503990173339844 4.549710273742676
    endloop
  endfacet
  facet normal -0.8915127680228899 -0.39916200084043924 0.21418375647378574
    outer loop
      vertex -6.5450849533081055 -14.618185997009277 3.76302433013916
      vertex -7.6103363037109375 -12.058964729309082 4.098524570465088
      vertex -7.839104175567627 -11.728044509887695 3.76302433013916
    endloop
  endfacet
  facet normal -0.4124960884353247 -0.2823189554124224 0.8661079519554105
    outer loop
      vertex -2.625295639038086 -7.779518127441406 15.917285919189453
      vertex -1.5450849533081055 -5.381813049316406 17.213314056396484
      vertex -2.4227547645568848 -6.400841236114502 16.463146209716797
    endloop
  endfacet
  facet normal -0.4124942488766372 -0.2823200626459329 0.8661084671513697
    outer loop
      vertex -1.5450849533081055 -5.381813049316406 17.213314056396484
      vertex -2.625295639038086 -7.779518127441406 15.917285919189453
      vertex -2.5 -8.707956314086914 15.674322128295898
    endloop
  endfacet
  facet normal -0.4124944043647866 -0.2823200641244186 0.8661083926163768
    outer loop
      vertex -2.5 -8.707956314086914 15.674322128295898
      vertex -2.625295639038086 -7.779518127441406 15.917285919189453
      vertex -2.715446949005127 -8.393169403076172 15.674322128295898
    endloop
  endfacet
  facet normal 0.3447353834621449 -0.05569898170261097 0.9370459640948784
    outer loop
      vertex 0.9549140930175781 -0.8549947738647461 18
      vertex 2.094006299972534 -1.6811988353729248 17.531822204589844
      vertex 1.0224418640136719 -0.43704795837402344 18
    endloop
  endfacet
  facet normal 0.3447333686390953 -0.0557020753771837 0.9370465214413937
    outer loop
      vertex 2.094006299972534 -1.6811988353729248 17.531822204589844
      vertex 0.9549140930175781 -0.8549947738647461 18
      vertex 2.102907657623291 -1.8828641176223755 17.516559600830078
    endloop
  endfacet
  facet normal 0.4124944043647866 -0.2823200641244186 0.8661083926163768
    outer loop
      vertex 2.625295639038086 -7.779518127441406 15.917285919189453
      vertex 2.5 -8.707956314086914 15.674322128295898
      vertex 2.715446949005127 -8.393169403076172 15.674322128295898
    endloop
  endfacet
  facet normal 0.4124960884353247 -0.2823189554124224 0.8661079519554105
    outer loop
      vertex 1.5450849533081055 -5.381813049316406 17.213314056396484
      vertex 2.625295639038086 -7.779518127441406 15.917285919189453
      vertex 2.4227547645568848 -6.400841236114502 16.463146209716797
    endloop
  endfacet
  facet normal 0.4124942488766372 -0.2823200626459329 0.8661084671513697
    outer loop
      vertex 2.625295639038086 -7.779518127441406 15.917285919189453
      vertex 1.5450849533081055 -5.381813049316406 17.213314056396484
      vertex 2.5 -8.707956314086914 15.674322128295898
    endloop
  endfacet
  facet normal 0.15484096032068215 -0.36223869548560206 0.9191340514309424
    outer loop
      vertex 1.5450849533081055 -9.56295108795166 15.674322128295898
      vertex 0.3230104446411133 -6.180339813232422 17.213314056396484
      vertex 0.5226421356201172 -10 15.674322128295898
    endloop
  endfacet
  facet normal -0.15313484052650694 -0.17103148904603457 0.9732923252402731
    outer loop
      vertex -0.3230104446411133 -1.9992008209228516 18
      vertex -1.5450849533081055 -5.381813049316406 17.213314056396484
      vertex -0.9549140930175781 -5.910228729248047 17.213314056396484
    endloop
  endfacet
  facet normal -0.8225269206116024 -0.5629546615648948 0.08081778202567427
    outer loop
      vertex -6.5450849533081055 -14.618185997009277 3.76302433013916
      vertex -6.691305160522461 -14.944765090942383 0
      vertex -5 -17.415912628173828 0
    endloop
  endfacet
  facet normal -0.9592045224529467 -0.275381329279992 0.0639672384099779
    outer loop
      vertex -8.57474136352539 -9.59238338470459 2.325676918029785
      vertex -8.090169906616211 -11.82045841217041 0
      vertex -7.919559478759766 -11.571182250976562 3.631488561630249
    endloop
  endfacet
  facet normal -0.9592036726987114 -0.27538371669352407 0.06396970268309964
    outer loop
      vertex -8.090169906616211 -11.82045841217041 0
      vertex -8.57474136352539 -9.59238338470459 2.325676918029785
      vertex -8.604429244995117 -9.497640609741211 2.2883763313293457
    endloop
  endfacet
  facet normal 0.9104055777872817 -0.4076221714620155 0.07075202658862034
    outer loop
      vertex 7.839104175567627 -11.728044509887695 3.76302433013916
      vertex 8.090169906616211 -11.82045841217041 0
      vertex 7.919559478759766 -11.571182250976562 3.631488561630249
    endloop
  endfacet
  facet normal 0.9104060202273816 -0.407621182383125 0.07075203181763441
    outer loop
      vertex 8.090169906616211 -11.82045841217041 0
      vertex 7.839104175567627 -11.728044509887695 3.76302433013916
      vertex 6.5450849533081055 -14.618185997009277 3.76302433013916
    endloop
  endfacet
  facet normal 0.9854286345747464 -0.1592153451015697 0.05984045491420543
    outer loop
      vertex 9.286460876464844 -6.750850200653076 1.3145474195480347
      vertex 9.043307304382324 -8.09703540802002 1.7369564771652222
      vertex 9.135454177856445 -8.179540634155273 0
    endloop
  endfacet
  facet normal -0.3589924639800434 -0.018762819723508437 0.93315184584373
    outer loop
      vertex -2.049268960952759 -0.6560224294662476 17.600566864013672
      vertex -1.0224418640136719 -0.43704795837402344 18
      vertex -1.0452842712402344 0 18
    endloop
  endfacet
  facet normal -0.3589926931989412 -0.01876162772077986 0.9331517816277466
    outer loop
      vertex -1.0224418640136719 -0.43704795837402344 18
      vertex -2.049268960952759 -0.6560224294662476 17.600566864013672
      vertex -2.058640718460083 -0.8799759149551392 17.592458724975586
    endloop
  endfacet
  facet normal 0.2252732800034504 -0.5270115389238629 0.8194576176701203
    outer loop
      vertex 2.0677270889282227 -12.797727584838867 13.450288772583008
      vertex 0.5226421356201172 -10 15.674322128295898
      vertex 0.6994314193725586 -13.382611274719238 13.450288772583008
    endloop
  endfacet
  facet normal 0.7538339435837318 -0.5159396322988149 0.4068669086130781
    outer loop
      vertex 4.567727088928223 -15.910228729248047 7.361586570739746
      vertex 5.376811981201172 -13.808287620544434 8.527960777282715
      vertex 4.0450849533081055 -14.089770317077637 10.638412475585938
    endloop
  endfacet
  facet normal 0.7538337962412097 -0.5159396879255729 0.40686711106678164
    outer loop
      vertex 5.376811981201172 -13.808287620544434 8.527960777282715
      vertex 4.567727088928223 -15.910228729248047 7.361586570739746
      vertex 5.557462215423584 -13.851115226745605 8.138947486877441
    endloop
  endfacet
  facet normal 0.7538337824606669 -0.5159396899646418 0.40686713401334507
    outer loop
      vertex 5.557462215423584 -13.851115226745605 8.138947486877441
      vertex 4.567727088928223 -15.910228729248047 7.361586570739746
      vertex 5.918453693389893 -13.936697006225586 7.361586570739746
    endloop
  endfacet
  facet normal 0.5657729778194273 -0.38722799373620437 0.7279803695405337
    outer loop
      vertex 3.0748989582061768 -10.570161819458008 14.236974716186523
      vertex 3.3456525802612305 -11.653520584106445 13.450288772583008
      vertex 3.4426586627960205 -11.511786460876465 13.450288772583008
    endloop
  endfacet
  facet normal 0.5654308929049471 -0.38742886558228995 0.7281392582894662
    outer loop
      vertex 3.0682852268218994 -10.545453071594238 14.255257606506348
      vertex 3.3456525802612305 -11.653520584106445 13.450288772583008
      vertex 3.0748989582061768 -10.570161819458008 14.236974716186523
    endloop
  endfacet
  facet normal 0.566828486100102 -0.38660682834074994 0.7274892628938054
    outer loop
      vertex 3.062333822250366 -10.523219108581543 14.271710395812988
      vertex 3.3456525802612305 -11.653520584106445 13.450288772583008
      vertex 3.0682852268218994 -10.545453071594238 14.255257606506348
    endloop
  endfacet
  facet normal 0.5657687977415807 -0.387230673341598 0.727982192862888
    outer loop
      vertex 3.062333822250366 -10.523219108581543 14.271710395812988
      vertex 2.5 -8.707956314086914 15.674322128295898
      vertex 3.3456525802612305 -11.653520584106445 13.450288772583008
    endloop
  endfacet
  facet normal 0.5657737025138874 -0.3872275090981684 0.727980064109832
    outer loop
      vertex 2.5 -8.707956314086914 15.674322128295898
      vertex 3.062333822250366 -10.523219108581543 14.271710395812988
      vertex 2.7984724044799805 -8.902983665466309 15.338615417480469
    endloop
  endfacet
  facet normal -0.8225269873069476 -0.5629545770671684 0.08081769181857383
    outer loop
      vertex -4.890737533569336 -17.035335540771484 3.76302433013916
      vertex -6.5450849533081055 -14.618185997009277 3.76302433013916
      vertex -5 -17.415912628173828 0
    endloop
  endfacet
  facet normal -0.8915128760543432 -0.39916186897055705 0.21418355256472246
    outer loop
      vertex -6.5450849533081055 -14.618185997009277 3.76302433013916
      vertex -6.884340286254883 -12.972585678100586 5.417728424072266
      vertex -6.917679786682129 -12.93524169921875 5.348552703857422
    endloop
  endfacet
  facet normal -0.8915128529902872 -0.39916190090480036 0.2141835890519743
    outer loop
      vertex -6.884340286254883 -12.972585678100586 5.417728424072266
      vertex -6.5450849533081055 -14.618185997009277 3.76302433013916
      vertex -6.167697906494141 -13.775307655334473 6.90467643737793
    endloop
  endfacet
  facet normal -0.3724103531042461 -0.8712288578439753 0.3197980709145273
    outer loop
      vertex -2.8230104446411133 -17.472381591796875 7.361586570739746
      vertex -3.022642135620117 -18.707956314086914 3.76302433013916
      vertex -1.0224418640136719 -19.562950134277344 3.76302433013916
    endloop
  endfacet
  facet normal -0.6640811526288135 -0.7416905044361469 0.09429431771024414
    outer loop
      vertex -3.022642135620117 -18.707956314086914 3.76302433013916
      vertex -4.890737533569336 -17.035335540771484 3.76302433013916
      vertex -3.090169906616211 -19.125904083251953 0
    endloop
  endfacet
  facet normal -0.3907296329602187 -0.9140843681419294 0.10853626972280968
    outer loop
      vertex -3.022642135620117 -18.707956314086914 3.76302433013916
      vertex -3.090169906616211 -19.125904083251953 0
      vertex -1.0452842712402344 -20 0
    endloop
  endfacet
  facet normal -0.3370771836646864 -0.7885676851260057 0.5143345003280414
    outer loop
      vertex -2.5 -15.473180770874023 10.638412475585938
      vertex -2.8230104446411133 -17.472381591796875 7.361586570739746
      vertex -0.8456525802612305 -16.180339813232422 10.638412475585938
    endloop
  endfacet
  facet normal -0.6401749002248419 -0.714990082247607 0.2810076145047925
    outer loop
      vertex -4.567727088928223 -15.910228729248047 7.361586570739746
      vertex -4.890737533569336 -17.035335540771484 3.76302433013916
      vertex -2.8230104446411133 -17.472381591796875 7.361586570739746
    endloop
  endfacet
  facet normal -0.591751522513085 -0.660907620094411 0.46155308828409713
    outer loop
      vertex -4.0450849533081055 -14.089770317077637 10.638412475585938
      vertex -4.567727088928223 -15.910228729248047 7.361586570739746
      vertex -2.8230104446411133 -17.472381591796875 7.361586570739746
    endloop
  endfacet
  facet normal -0.5657737025138874 -0.3872275090981684 0.727980064109832
    outer loop
      vertex -3.062333822250366 -10.523219108581543 14.271710395812988
      vertex -2.5 -8.707956314086914 15.674322128295898
      vertex -2.7984724044799805 -8.902983665466309 15.338615417480469
    endloop
  endfacet
  facet normal -0.5653323867576143 -0.387512101436636 0.7281714521478451
    outer loop
      vertex -3.0682852268218994 -10.545453071594238 14.255257606506348
      vertex -2.5 -8.707956314086914 15.674322128295898
      vertex -3.062333822250366 -10.523219108581543 14.271710395812988
    endloop
  endfacet
  facet normal -0.5659263035386772 -0.3871293329862938 0.7279136614356378
    outer loop
      vertex -3.0748989582061768 -10.570161819458008 14.236974716186523
      vertex -2.5 -8.707956314086914 15.674322128295898
      vertex -3.0682852268218994 -10.545453071594238 14.255257606506348
    endloop
  endfacet
  facet normal -0.5657750102842852 -0.3872267998826284 0.7279794249774342
    outer loop
      vertex -3.0748989582061768 -10.570161819458008 14.236974716186523
      vertex -3.3456525802612305 -11.653520584106445 13.450288772583008
      vertex -2.5 -8.707956314086914 15.674322128295898
    endloop
  endfacet
  facet normal -0.5657729778194273 -0.38722799373620437 0.7279803695405337
    outer loop
      vertex -3.3456525802612305 -11.653520584106445 13.450288772583008
      vertex -3.0748989582061768 -10.570161819458008 14.236974716186523
      vertex -3.4426586627960205 -11.511786460876465 13.450288772583008
    endloop
  endfacet
  facet normal -0.6777593021605335 -0.46387400088138586 0.5704938559188545
    outer loop
      vertex -3.653468608856201 -11.924217224121094 12.864490509033203
      vertex -3.3456525802612305 -11.653520584106445 13.450288772583008
      vertex -3.4426586627960205 -11.511786460876465 13.450288772583008
    endloop
  endfacet
  facet normal -0.6777602991960475 -0.4638728478339429 0.5704936089704352
    outer loop
      vertex -4.0450849533081055 -14.089770317077637 10.638412475585938
      vertex -3.653468608856201 -11.924217224121094 12.864490509033203
      vertex -4.16765022277832 -12.930166244506836 11.435685157775879
    endloop
  endfacet
  facet normal -0.6777599773488817 -0.4638730936357799 0.570493791469122
    outer loop
      vertex -3.653468608856201 -11.924217224121094 12.864490509033203
      vertex -4.0450849533081055 -14.089770317077637 10.638412475585938
      vertex -3.3456525802612305 -11.653520584106445 13.450288772583008
    endloop
  endfacet
  facet normal -0.5657736055578155 -0.3872276542683245 0.7279800622434384
    outer loop
      vertex -2.715446949005127 -8.393169403076172 15.674322128295898
      vertex -2.7984724044799805 -8.902983665466309 15.338615417480469
      vertex -2.5 -8.707956314086914 15.674322128295898
    endloop
  endfacet
  facet normal 0.2252739003617912 -0.5270112225150609 0.8194576506195832
    outer loop
      vertex 1.5450849533081055 -9.56295108795166 15.674322128295898
      vertex 0.5226421356201172 -10 15.674322128295898
      vertex 2.0677270889282227 -12.797727584838867 13.450288772583008
    endloop
  endfacet
  facet normal 0.4186737502806721 -0.46760269889226674 0.7784985592887027
    outer loop
      vertex 2.5 -8.707956314086914 15.674322128295898
      vertex 1.5450849533081055 -9.56295108795166 15.674322128295898
      vertex 2.0677270889282227 -12.797727584838867 13.450288772583008
    endloop
  endfacet
  facet normal 0.15484112278002615 -0.3622386351574771 0.9191340478382188
    outer loop
      vertex 0.9549140930175781 -5.910228729248047 17.213314056396484
      vertex 0.3230104446411133 -6.180339813232422 17.213314056396484
      vertex 1.5450849533081055 -9.56295108795166 15.674322128295898
    endloop
  endfacet
  facet normal 0.4124955816715411 -0.28232050067808223 0.8661076896081306
    outer loop
      vertex 1.5450849533081055 -5.381813049316406 17.213314056396484
      vertex 2.2596983909606934 -5.0469465255737305 16.98212432861328
      vertex 2.0677270889282227 -4.618185997009277 17.213314056396484
    endloop
  endfacet
  facet normal 0.412494897873057 -0.28231832754877206 0.8661087236362192
    outer loop
      vertex 2.2596983909606934 -5.0469465255737305 16.98212432861328
      vertex 1.5450849533081055 -5.381813049316406 17.213314056396484
      vertex 2.2846839427948 -5.461007595062256 16.835256576538086
    endloop
  endfacet
  facet normal 0.4124943954653897 -0.2823206100511658 0.8661082189022224
    outer loop
      vertex 2.2846839427948 -5.461007595062256 16.835256576538086
      vertex 1.5450849533081055 -5.381813049316406 17.213314056396484
      vertex 2.4227547645568848 -6.400841236114502 16.463146209716797
    endloop
  endfacet
  facet normal -0.07879374105763293 -0.18433176346968747 0.9797006416994417
    outer loop
      vertex -0.3230104446411133 -1.9992008209228516 18
      vertex -0.9549140930175781 -5.910228729248047 17.213314056396484
      vertex -0.3230104446411133 -6.180339813232422 17.213314056396484
    endloop
  endfacet
  facet normal -0.9854286345747464 -0.1592153451015697 0.05984045491420543
    outer loop
      vertex -9.043307304382324 -8.09703540802002 1.7369564771652222
      vertex -9.286460876464844 -6.750850200653076 1.3145474195480347
      vertex -9.135454177856445 -8.179540634155273 0
    endloop
  endfacet
  facet normal 0.8915128529902872 -0.39916190090480036 0.2141835890519743
    outer loop
      vertex 6.5450849533081055 -14.618185997009277 3.76302433013916
      vertex 6.884340286254883 -12.972585678100586 5.417728424072266
      vertex 6.167697906494141 -13.775307655334473 6.90467643737793
    endloop
  endfacet
  facet normal 0.8915128760543432 -0.39916186897055705 0.21418355256472246
    outer loop
      vertex 6.884340286254883 -12.972585678100586 5.417728424072266
      vertex 6.5450849533081055 -14.618185997009277 3.76302433013916
      vertex 6.917679786682129 -12.93524169921875 5.348552703857422
    endloop
  endfacet
  facet normal 0.8915127680228899 -0.39916200084043924 0.21418375647378574
    outer loop
      vertex 7.6103363037109375 -12.058964729309082 4.098524570465088
      vertex 6.5450849533081055 -14.618185997009277 3.76302433013916
      vertex 7.839104175567627 -11.728044509887695 3.76302433013916
    endloop
  endfacet
  facet normal 0.8915129255916149 -0.3991619844511786 0.21418313115667342
    outer loop
      vertex 7.30268669128418 -12.503990173339844 4.549710273742676
      vertex 6.5450849533081055 -14.618185997009277 3.76302433013916
      vertex 7.6103363037109375 -12.058964729309082 4.098524570465088
    endloop
  endfacet
  facet normal 0.891512641083821 -0.3991621844547536 0.21418394264990945
    outer loop
      vertex 6.5450849533081055 -14.618185997009277 3.76302433013916
      vertex 7.30268669128418 -12.503990173339844 4.549710273742676
      vertex 6.917679786682129 -12.93524169921875 5.348552703857422
    endloop
  endfacet
  facet normal 0.9969619408127535 -0.05210517898079578 0.05789593158631378
    outer loop
      vertex 9.955076217651367 -0.4250253438949585 0.39106857776641846
      vertex 9.98093032836914 -0.3648723065853119 0
      vertex 10 0 0
    endloop
  endfacet
  facet normal 0.9969622546614992 -0.05209790756487082 0.05789707080347154
    outer loop
      vertex 9.98093032836914 -0.3648723065853119 0
      vertex 9.955076217651367 -0.4250253438949585 0.39106857776641846
      vertex 9.97867202758789 -0.3901989459991455 0.016097113490104675
    endloop
  endfacet
  facet normal 0.9969618746212878 -0.05210604609592221 0.05789629100259297
    outer loop
      vertex 9.955076217651367 -0.4250253438949585 0.39106857776641846
      vertex 9.956592559814453 -0.7321973443031311 0.08850595355033875
      vertex 9.97867202758789 -0.3901989459991455 0.016097113490104675
    endloop
  endfacet
  facet normal 0.9969620148809754 -0.05210478463859391 0.05789501103058622
    outer loop
      vertex 9.930330276489258 -0.8801978230476379 0.4075483977794647
      vertex 9.956592559814453 -0.7321973443031311 0.08850595355033875
      vertex 9.955076217651367 -0.4250253438949585 0.39106857776641846
    endloop
  endfacet
  facet normal 0.9969619081817951 -0.05210901757112761 0.05789303863406981
    outer loop
      vertex 9.956592559814453 -0.7321973443031311 0.08850595355033875
      vertex 9.930330276489258 -0.8801978230476379 0.4075483977794647
      vertex 9.948507308959961 -0.8574289083480835 0.115020252764225
    endloop
  endfacet
  facet normal 0.9969622649613795 -0.052101517873286214 0.05789364454217655
    outer loop
      vertex 9.930330276489258 -0.8801978230476379 0.4075483977794647
      vertex 9.94384479522705 -0.9897915124893188 0.07619142532348633
      vertex 9.948507308959961 -0.8574289083480835 0.115020252764225
    endloop
  endfacet
  facet normal 0.9969619107225943 -0.05210648613261594 0.057895273306766436
    outer loop
      vertex 9.914449691772461 -1.1722931861877441 0.4181239604949951
      vertex 9.94384479522705 -0.9897915124893188 0.07619142532348633
      vertex 9.930330276489258 -0.8801978230476379 0.4075483977794647
    endloop
  endfacet
  facet normal 0.9969618827051037 -0.052107809865858695 0.057894564374200985
    outer loop
      vertex 9.914449691772461 -1.1722931861877441 0.4181239604949951
      vertex 9.934694290161133 -1.2495179176330566 0
      vertex 9.94384479522705 -0.9897915124893188 0.07619142532348633
    endloop
  endfacet
  facet normal 0.9969620109489237 -0.05210576823027168 0.0578941935068747
    outer loop
      vertex 9.851540565490723 -2.2939136028289795 0.4919675588607788
      vertex 9.934694290161133 -1.2495179176330566 0
      vertex 9.914449691772461 -1.1722931861877441 0.4181239604949951
    endloop
  endfacet
  facet normal 0.9969619443636846 -0.052104821416847885 0.057896192238348236
    outer loop
      vertex 9.837387084960938 -2.546262741088867 0.5085813403129578
      vertex 9.934694290161133 -1.2495179176330566 0
      vertex 9.851540565490723 -2.2939136028289795 0.4919675588607788
    endloop
  endfacet
  facet normal 0.9969619424686205 -0.05210587662622612 0.057895275197615226
    outer loop
      vertex 9.781475067138672 -4.181138038635254 0
      vertex 9.837387084960938 -2.546262741088867 0.5085813403129578
      vertex 9.824646949768066 -2.7673184871673584 0.5290169715881348
    endloop
  endfacet
  facet normal 0.9969619589675953 -0.05210579747592822 0.05789506231875398
    outer loop
      vertex 9.781475067138672 -4.181138038635254 0
      vertex 9.824646949768066 -2.7673184871673584 0.5290169715881348
      vertex 9.744085311889648 -4.16515588760376 0.6582413911819458
    endloop
  endfacet
  facet normal 0.9969620155499838 -0.0521055727210847 0.0578942902359281
    outer loop
      vertex 9.837387084960938 -2.546262741088867 0.5085813403129578
      vertex 9.781475067138672 -4.181138038635254 0
      vertex 9.934694290161133 -1.2495179176330566 0
    endloop
  endfacet
  facet normal 0.9854284865202696 -0.15921621393684465 0.0598405813306293
    outer loop
      vertex 9.701569557189941 -4.416046619415283 0.6908340454101562
      vertex 9.781475067138672 -4.181138038635254 0
      vertex 9.744085311889648 -4.16515588760376 0.6582413911819458
    endloop
  endfacet
  facet normal 0.9854287244608355 -0.1592145136060016 0.05984118702612192
    outer loop
      vertex 9.590317726135254 -5.0685930252075195 0.7866859436035156
      vertex 9.781475067138672 -4.181138038635254 0
      vertex 9.701569557189941 -4.416046619415283 0.6908340454101562
    endloop
  endfacet
  facet normal 0.9854286330097296 -0.1592154666315231 0.05984015733503674
    outer loop
      vertex 9.135454177856445 -8.179540634155273 0
      vertex 9.590317726135254 -5.0685930252075195 0.7866859436035156
      vertex 9.312765121459961 -6.605223655700684 1.2688524723052979
    endloop
  endfacet
  facet normal 0.9854279904878421 -0.15921815562598735 0.05984358346683462
    outer loop
      vertex 9.135454177856445 -8.179540634155273 0
      vertex 9.312765121459961 -6.605223655700684 1.2688524723052979
      vertex 9.286460876464844 -6.750850200653076 1.3145474195480347
    endloop
  endfacet
  facet normal 0.9854286382004497 -0.15921545416354774 0.05984010502917334
    outer loop
      vertex 9.590317726135254 -5.0685930252075195 0.7866859436035156
      vertex 9.135454177856445 -8.179540634155273 0
      vertex 9.781475067138672 -4.181138038635254 0
    endloop
  endfacet
  facet normal 0.15313488964834343 -0.1710314702691641 0.9732923208111517
    outer loop
      vertex 0.5226421356201172 -1.8204584121704102 18
      vertex 0.3230104446411133 -1.9992008209228516 18
      vertex 1.5450849533081055 -5.381813049316406 17.213314056396484
    endloop
  endfacet
  facet normal -0.2741906277425023 -0.12276468126906044 0.9538072827836231
    outer loop
      vertex -2.1670479774475098 -3.2661449909210205 17.358783721923828
      vertex -2.0677270889282227 -4.618185997009277 17.213314056396484
      vertex -0.6994314193725586 -1.5621528625488281 18
    endloop
  endfacet
  facet normal -0.27418988075439366 -0.12276464993330623 0.9538075015529308
    outer loop
      vertex -2.0677270889282227 -4.618185997009277 17.213314056396484
      vertex -2.1670479774475098 -3.2661449909210205 17.358783721923828
      vertex -2.216064453125 -4.2868804931640625 17.213314056396484
    endloop
  endfacet
  facet normal 0.591751522513085 -0.660907620094411 0.46155308828409713
    outer loop
      vertex 4.0450849533081055 -14.089770317077637 10.638412475585938
      vertex 2.8230104446411133 -17.472381591796875 7.361586570739746
      vertex 4.567727088928223 -15.910228729248047 7.361586570739746
    endloop
  endfacet
  facet normal 0.3370771836646864 -0.7885676851260057 0.5143345003280414
    outer loop
      vertex 2.5 -15.473180770874023 10.638412475585938
      vertex 0.8456525802612305 -16.180339813232422 10.638412475585938
      vertex 2.8230104446411133 -17.472381591796875 7.361586570739746
    endloop
  endfacet
  facet normal -0.2252732800034504 -0.5270115389238629 0.8194576176701203
    outer loop
      vertex -0.5226421356201172 -10 15.674322128295898
      vertex -2.0677270889282227 -12.797727584838867 13.450288772583008
      vertex -0.6994314193725586 -13.382611274719238 13.450288772583008
    endloop
  endfacet
  facet normal 0 -0.8430414888876228 0.5378485363130964
    outer loop
      vertex -0.9549140930175781 -18.27090835571289 7.361586570739746
      vertex 0.8456525802612305 -16.180339813232422 10.638412475585938
      vertex -0.8456525802612305 -16.180339813232422 10.638412475585938
    endloop
  endfacet
  facet normal 0 -0.8430414888876228 0.5378485363130965
    outer loop
      vertex 0.8456525802612305 -16.180339813232422 10.638412475585938
      vertex -0.9549140930175781 -18.27090835571289 7.361586570739746
      vertex 0.9549140930175781 -18.27090835571289 7.361586570739746
    endloop
  endfacet
  facet normal -0.8004624474940103 -0.5478533286745434 0.2431390557111742
    outer loop
      vertex -6.038239479064941 -13.85913372039795 7.141997337341309
      vertex -4.567727088928223 -15.910228729248047 7.361586570739746
      vertex -5.918453693389893 -13.936697006225586 7.361586570739746
    endloop
  endfacet
  facet normal -0.8004624388458883 -0.5478533164859515 0.24313911164647356
    outer loop
      vertex -4.567727088928223 -15.910228729248047 7.361586570739746
      vertex -6.038239479064941 -13.85913372039795 7.141997337341309
      vertex -4.890737533569336 -17.035335540771484 3.76302433013916
    endloop
  endfacet
  facet normal -0.7538337962412097 -0.5159396879255729 0.40686711106678164
    outer loop
      vertex -4.567727088928223 -15.910228729248047 7.361586570739746
      vertex -5.376811981201172 -13.808287620544434 8.527960777282715
      vertex -5.557462215423584 -13.851115226745605 8.138947486877441
    endloop
  endfacet
  facet normal -0.7538337824606669 -0.5159396899646418 0.40686713401334507
    outer loop
      vertex -4.567727088928223 -15.910228729248047 7.361586570739746
      vertex -5.557462215423584 -13.851115226745605 8.138947486877441
      vertex -5.918453693389893 -13.936697006225586 7.361586570739746
    endloop
  endfacet
  facet normal -0.7538339435837318 -0.5159396322988149 0.4068669086130781
    outer loop
      vertex -5.376811981201172 -13.808287620544434 8.527960777282715
      vertex -4.567727088928223 -15.910228729248047 7.361586570739746
      vertex -4.0450849533081055 -14.089770317077637 10.638412475585938
    endloop
  endfacet
  facet normal -0.418674044649784 -0.4676026574518164 0.7784984258690508
    outer loop
      vertex -2.5 -8.707956314086914 15.674322128295898
      vertex -3.3456525802612305 -11.653520584106445 13.450288772583008
      vertex -2.0677270889282227 -12.797727584838867 13.450288772583008
    endloop
  endfacet
  facet normal -0.5179856979747871 -0.5785204313242096 0.630083270079458
    outer loop
      vertex -3.3456525802612305 -11.653520584106445 13.450288772583008
      vertex -4.0450849533081055 -14.089770317077637 10.638412475585938
      vertex -2.0677270889282227 -12.797727584838867 13.450288772583008
    endloop
  endfacet
  facet normal 0.29546972215427314 -0.33000084353316145 0.8965473141767134
    outer loop
      vertex 1.5450849533081055 -5.381813049316406 17.213314056396484
      vertex 0.9549140930175781 -5.910228729248047 17.213314056396484
      vertex 1.5450849533081055 -9.56295108795166 15.674322128295898
    endloop
  endfacet
  facet normal 0.29547021253605527 -0.33000079114467795 0.8965471718475192
    outer loop
      vertex 1.5450849533081055 -5.381813049316406 17.213314056396484
      vertex 1.5450849533081055 -9.56295108795166 15.674322128295898
      vertex 2.5 -8.707956314086914 15.674322128295898
    endloop
  endfacet
  facet normal -0.07879325403291615 -0.18433177058749517 0.979700679529714
    outer loop
      vertex -0.3230104446411133 -1.9992008209228516 18
      vertex -0.3230104446411133 -6.180339813232422 17.213314056396484
      vertex -0.10926151275634766 -2.0905685424804688 18
    endloop
  endfacet
  facet normal -0.35899222018300164 -0.018762550045487 0.9331519450571113
    outer loop
      vertex -2.045510768890381 -0.5662150979042053 17.603818893432617
      vertex -1.0452842712402344 0 18
      vertex -2.0218162536621094 0 17.624319076538086
    endloop
  endfacet
  facet normal -0.3589895902061638 -0.01876782958602724 0.9331528506607266
    outer loop
      vertex -1.0452842712402344 0 18
      vertex -2.045510768890381 -0.5662150979042053 17.603818893432617
      vertex -2.049268960952759 -0.6560224294662476 17.600566864013672
    endloop
  endfacet
  facet normal 0.996961951059039 -0.05210612965409588 0.057894899542402935
    outer loop
      vertex 9.97818374633789 0 0.3756803274154663
      vertex 9.955076217651367 -0.4250253438949585 0.39106857776641846
      vertex 10 0 0
    endloop
  endfacet
  facet normal 0 -0.18889172751391128 0.9819979201998394
    outer loop
      vertex -0.10926151275634766 -2.0905685424804688 18
      vertex 0.3230104446411133 -6.180339813232422 17.213314056396484
      vertex 0.10926151275634766 -2.0905685424804688 18
    endloop
  endfacet
  facet normal 0 -0.18889172751391126 0.9819979201998394
    outer loop
      vertex 0.3230104446411133 -6.180339813232422 17.213314056396484
      vertex -0.10926151275634766 -2.0905685424804688 18
      vertex -0.3230104446411133 -6.180339813232422 17.213314056396484
    endloop
  endfacet
  facet normal -0.3447353834621449 -0.05569898170261097 0.9370459640948784
    outer loop
      vertex -2.094006299972534 -1.6811988353729248 17.531822204589844
      vertex -0.9549140930175781 -0.8549947738647461 18
      vertex -1.0224418640136719 -0.43704795837402344 18
    endloop
  endfacet
  facet normal -0.3447333686390953 -0.0557020753771837 0.9370465214413937
    outer loop
      vertex -0.9549140930175781 -0.8549947738647461 18
      vertex -2.094006299972534 -1.6811988353729248 17.531822204589844
      vertex -2.102907657623291 -1.8828641176223755 17.516559600830078
    endloop
  endfacet
  facet normal 0.8004624474940103 -0.5478533286745434 0.2431390557111742
    outer loop
      vertex 4.567727088928223 -15.910228729248047 7.361586570739746
      vertex 6.038239479064941 -13.85913372039795 7.141997337341309
      vertex 5.918453693389893 -13.936697006225586 7.361586570739746
    endloop
  endfacet
  facet normal 0.8004624388458883 -0.5478533164859515 0.24313911164647356
    outer loop
      vertex 6.038239479064941 -13.85913372039795 7.141997337341309
      vertex 4.567727088928223 -15.910228729248047 7.361586570739746
      vertex 4.890737533569336 -17.035335540771484 3.76302433013916
    endloop
  endfacet
  facet normal 0.591751589212907 -0.6609075954861848 0.46155303800610853
    outer loop
      vertex 4.0450849533081055 -14.089770317077637 10.638412475585938
      vertex 2.5 -15.473180770874023 10.638412475585938
      vertex 2.8230104446411133 -17.472381591796875 7.361586570739746
    endloop
  endfacet
  facet normal 0.2870567398136815 -0.6715484754965565 0.6830966792378595
    outer loop
      vertex 2.0677270889282227 -12.797727584838867 13.450288772583008
      vertex 0.8456525802612305 -16.180339813232422 10.638412475585938
      vertex 2.5 -15.473180770874023 10.638412475585938
    endloop
  endfacet
  facet normal 0.28705619474180005 -0.6715484719101485 0.6830969118181566
    outer loop
      vertex 2.0677270889282227 -12.797727584838867 13.450288772583008
      vertex 0.6994314193725586 -13.382611274719238 13.450288772583008
      vertex 0.8456525802612305 -16.180339813232422 10.638412475585938
    endloop
  endfacet
  facet normal 0 -0.7088878921893367 0.7053211724507916
    outer loop
      vertex -0.8456525802612305 -16.180339813232422 10.638412475585938
      vertex 0.6994314193725586 -13.382611274719238 13.450288772583008
      vertex -0.6994314193725586 -13.382611274719238 13.450288772583008
    endloop
  endfacet
  facet normal 0 -0.7088878921893367 0.7053211724507917
    outer loop
      vertex 0.6994314193725586 -13.382611274719238 13.450288772583008
      vertex -0.8456525802612305 -16.180339813232422 10.638412475585938
      vertex 0.8456525802612305 -16.180339813232422 10.638412475585938
    endloop
  endfacet
  facet normal -0.29546972215427314 -0.33000084353316145 0.8965473141767134
    outer loop
      vertex -1.5450849533081055 -5.381813049316406 17.213314056396484
      vertex -1.5450849533081055 -9.56295108795166 15.674322128295898
      vertex -0.9549140930175781 -5.910228729248047 17.213314056396484
    endloop
  endfacet
  facet normal -0.29547021253605527 -0.33000079114467795 0.8965471718475192
    outer loop
      vertex -1.5450849533081055 -5.381813049316406 17.213314056396484
      vertex -2.5 -8.707956314086914 15.674322128295898
      vertex -1.5450849533081055 -9.56295108795166 15.674322128295898
    endloop
  endfacet
  facet normal 0.3447351934017321 -0.05569916755311715 0.9370460229701422
    outer loop
      vertex 2.058640718460083 -0.8799759149551392 17.592458724975586
      vertex 1.0224418640136719 -0.43704795837402344 18
      vertex 2.094006299972534 -1.6811988353729248 17.531822204589844
    endloop
  endfacet
  facet normal 0.2741906014410041 -0.12276495584766081 0.9538072550034111
    outer loop
      vertex 0.6994314193725586 -1.5621528625488281 18
      vertex 2.16188907623291 -3.158712148666382 17.374094009399414
      vertex 0.8456525802612305 -1.2355737686157227 18
    endloop
  endfacet
  facet normal 0.2741951833544289 -0.12276046881795179 0.9538065153482794
    outer loop
      vertex 2.16188907623291 -3.158712148666382 17.374094009399414
      vertex 0.6994314193725586 -1.5621528625488281 18
      vertex 2.1670479774475098 -3.2661449909210205 17.358783721923828
    endloop
  endfacet
  facet normal 0.07879374105763293 -0.18433176346968747 0.9797006416994417
    outer loop
      vertex 0.3230104446411133 -1.9992008209228516 18
      vertex 0.3230104446411133 -6.180339813232422 17.213314056396484
      vertex 0.9549140930175781 -5.910228729248047 17.213314056396484
    endloop
  endfacet
  facet normal -0.2192037197064039 -0.15002755580370758 0.9640754440221168
    outer loop
      vertex -0.5226421356201172 -1.8204584121704102 18
      vertex -2.0677270889282227 -4.618185997009277 17.213314056396484
      vertex -1.5450849533081055 -5.381813049316406 17.213314056396484
    endloop
  endfacet
  facet normal 0.6777593021605335 -0.46387400088138586 0.5704938559188545
    outer loop
      vertex 3.3456525802612305 -11.653520584106445 13.450288772583008
      vertex 3.653468608856201 -11.924217224121094 12.864490509033203
      vertex 3.4426586627960205 -11.511786460876465 13.450288772583008
    endloop
  endfacet
  facet normal 0.6777599773488817 -0.4638730936357799 0.570493791469122
    outer loop
      vertex 4.0450849533081055 -14.089770317077637 10.638412475585938
      vertex 3.653468608856201 -11.924217224121094 12.864490509033203
      vertex 3.3456525802612305 -11.653520584106445 13.450288772583008
    endloop
  endfacet
  facet normal 0.6777602991960475 -0.4638728478339429 0.5704936089704352
    outer loop
      vertex 3.653468608856201 -11.924217224121094 12.864490509033203
      vertex 4.0450849533081055 -14.089770317077637 10.638412475585938
      vertex 4.16765022277832 -12.930166244506836 11.435685157775879
    endloop
  endfacet
  facet normal -0.5026155004005505 -0.22503899774841848 0.8347066000993952
    outer loop
      vertex -2.216064453125 -4.2868804931640625 17.213314056396484
      vertex -2.2596983909606934 -5.0469465255737305 16.98212432861328
      vertex -2.0677270889282227 -4.618185997009277 17.213314056396484
    endloop
  endfacet
  facet normal -0.4124955816715411 -0.28232050067808223 0.8661076896081306
    outer loop
      vertex -2.2596983909606934 -5.0469465255737305 16.98212432861328
      vertex -1.5450849533081055 -5.381813049316406 17.213314056396484
      vertex -2.0677270889282227 -4.618185997009277 17.213314056396484
    endloop
  endfacet
  facet normal -0.412494897873057 -0.28231832754877206 0.8661087236362192
    outer loop
      vertex -2.2846839427948 -5.461007595062256 16.835256576538086
      vertex -1.5450849533081055 -5.381813049316406 17.213314056396484
      vertex -2.2596983909606934 -5.0469465255737305 16.98212432861328
    endloop
  endfacet
  facet normal -0.4124943954653897 -0.2823206100511658 0.8661082189022224
    outer loop
      vertex -1.5450849533081055 -5.381813049316406 17.213314056396484
      vertex -2.2846839427948 -5.461007595062256 16.835256576538086
      vertex -2.4227547645568848 -6.400841236114502 16.463146209716797
    endloop
  endfacet
  facet normal 0.15313484052650694 -0.17103148904603457 0.9732923252402731
    outer loop
      vertex 1.5450849533081055 -5.381813049316406 17.213314056396484
      vertex 0.3230104446411133 -1.9992008209228516 18
      vertex 0.9549140930175781 -5.910228729248047 17.213314056396484
    endloop
  endfacet
  facet normal 0.5026155004005505 -0.22503899774841848 0.8347066000993952
    outer loop
      vertex 2.216064453125 -4.2868804931640625 17.213314056396484
      vertex 2.0677270889282227 -4.618185997009277 17.213314056396484
      vertex 2.2596983909606934 -5.0469465255737305 16.98212432861328
    endloop
  endfacet
  facet normal 0.27418988075439366 -0.12276464993330623 0.9538075015529308
    outer loop
      vertex 2.1670479774475098 -3.2661449909210205 17.358783721923828
      vertex 2.0677270889282227 -4.618185997009277 17.213314056396484
      vertex 2.216064453125 -4.2868804931640625 17.213314056396484
    endloop
  endfacet
  facet normal 0.2741906277425023 -0.12276468126906044 0.9538072827836231
    outer loop
      vertex 2.0677270889282227 -4.618185997009277 17.213314056396484
      vertex 2.1670479774475098 -3.2661449909210205 17.358783721923828
      vertex 0.6994314193725586 -1.5621528625488281 18
    endloop
  endfacet
  facet normal 0.3589895902061638 -0.01876782958602724 0.9331528506607266
    outer loop
      vertex 2.045510768890381 -0.5662150979042053 17.603818893432617
      vertex 1.0452842712402344 0 18
      vertex 2.049268960952759 -0.6560224294662476 17.600566864013672
    endloop
  endfacet
  facet normal 0.35899222018300164 -0.018762550045487 0.9331519450571113
    outer loop
      vertex 1.0452842712402344 0 18
      vertex 2.045510768890381 -0.5662150979042053 17.603818893432617
      vertex 2.0218162536621094 0 17.624319076538086
    endloop
  endfacet
  facet normal 0.6777597942248997 -0.4638730781631985 0.5704940216055036
    outer loop
      vertex 4.16765022277832 -12.930166244506836 11.435685157775879
      vertex 4.0450849533081055 -14.089770317077637 10.638412475585938
      vertex 4.454563617706299 -13.491485595703125 10.638412475585938
    endloop
  endfacet
  facet normal 0.7538334165911783 -0.5159407858490244 0.40686642221736896
    outer loop
      vertex 4.875078201293945 -13.689339637756348 9.6083984375
      vertex 4.0450849533081055 -14.089770317077637 10.638412475585938
      vertex 5.376811981201172 -13.808287620544434 8.527960777282715
    endloop
  endfacet
  facet normal 0.7538337721241813 -0.5159397109097098 0.4068671266045376
    outer loop
      vertex 4.0450849533081055 -14.089770317077637 10.638412475585938
      vertex 4.875078201293945 -13.689339637756348 9.6083984375
      vertex 4.454563617706299 -13.491485595703125 10.638412475585938
    endloop
  endfacet
  facet normal 0.07879325403291615 -0.18433177058749517 0.979700679529714
    outer loop
      vertex 0.3230104446411133 -1.9992008209228516 18
      vertex 0.10926151275634766 -2.0905685424804688 18
      vertex 0.3230104446411133 -6.180339813232422 17.213314056396484
    endloop
  endfacet
  facet normal 0.2192037197064039 -0.15002755580370758 0.9640754440221168
    outer loop
      vertex 2.0677270889282227 -4.618185997009277 17.213314056396484
      vertex 0.5226421356201172 -1.8204584121704102 18
      vertex 1.5450849533081055 -5.381813049316406 17.213314056396484
    endloop
  endfacet
  facet normal 0.21920396769146067 -0.15002740940192613 0.9640754104199878
    outer loop
      vertex 0.6994314193725586 -1.5621528625488281 18
      vertex 0.5226421356201172 -1.8204584121704102 18
      vertex 2.0677270889282227 -4.618185997009277 17.213314056396484
    endloop
  endfacet
  facet normal 0.3163399985006056 -0.09081906091537227 0.9442885700478889
    outer loop
      vertex 2.111212730407715 -2.062514543533325 17.49650001525879
      vertex 0.8456525802612305 -1.2355737686157227 18
      vertex 2.16188907623291 -3.158712148666382 17.374094009399414
    endloop
  endfacet
  facet normal -0.2741906014410041 -0.12276495584766081 0.9538072550034111
    outer loop
      vertex -2.16188907623291 -3.158712148666382 17.374094009399414
      vertex -0.6994314193725586 -1.5621528625488281 18
      vertex -0.8456525802612305 -1.2355737686157227 18
    endloop
  endfacet
  facet normal -0.2741951833544289 -0.12276046881795179 0.9538065153482794
    outer loop
      vertex -0.6994314193725586 -1.5621528625488281 18
      vertex -2.16188907623291 -3.158712148666382 17.374094009399414
      vertex -2.1670479774475098 -3.2661449909210205 17.358783721923828
    endloop
  endfacet
  facet normal -0.21920396769146067 -0.15002740940192613 0.9640754104199878
    outer loop
      vertex -0.6994314193725586 -1.5621528625488281 18
      vertex -2.0677270889282227 -4.618185997009277 17.213314056396484
      vertex -0.5226421356201172 -1.8204584121704102 18
    endloop
  endfacet
  facet normal 0 0 1
    outer loop
      vertex -1.0224418640136719 -0.43704795837402344 18
      vertex 1.0224418640136719 -0.43704795837402344 18
      vertex 1.0452842712402344 0 18
    endloop
  endfacet
  facet normal 0 0 1
    outer loop
      vertex 1.0224418640136719 -0.43704795837402344 18
      vertex -1.0224418640136719 -0.43704795837402344 18
      vertex 0.9549140930175781 -0.8549947738647461 18
    endloop
  endfacet
  facet normal 0 0 1
    outer loop
      vertex 0.9549140930175781 -0.8549947738647461 18
      vertex -0.9549140930175781 -0.8549947738647461 18
      vertex 0.8456525802612305 -1.2355737686157227 18
    endloop
  endfacet
  facet normal 0 0 1
    outer loop
      vertex -0.8456525802612305 -1.2355737686157227 18
      vertex 0.8456525802612305 -1.2355737686157227 18
      vertex -0.9549140930175781 -0.8549947738647461 18
    endloop
  endfacet
  facet normal 0 0 1
    outer loop
      vertex -0.6994314193725586 -1.5621528625488281 18
      vertex 0.6994314193725586 -1.5621528625488281 18
      vertex -0.8456525802612305 -1.2355737686157227 18
    endloop
  endfacet
  facet normal 0 0 1
    outer loop
      vertex 0.6994314193725586 -1.5621528625488281 18
      vertex -0.6994314193725586 -1.5621528625488281 18
      vertex 0.5226421356201172 -1.8204584121704102 18
    endloop
  endfacet
  facet normal 0 0 1
    outer loop
      vertex 0.5226421356201172 -1.8204584121704102 18
      vertex -0.5226421356201172 -1.8204584121704102 18
      vertex 0.3230104446411133 -1.9992008209228516 18
    endloop
  endfacet
  facet normal 0 0 1
    outer loop
      vertex -0.3230104446411133 -1.9992008209228516 18
      vertex 0.3230104446411133 -1.9992008209228516 18
      vertex -0.5226421356201172 -1.8204584121704102 18
    endloop
  endfacet
  facet normal 0 0 1
    outer loop
      vertex 0.10926151275634766 -2.0905685424804688 18
      vertex -0.3230104446411133 -1.9992008209228516 18
      vertex -0.10926151275634766 -2.0905685424804688 18
    endloop
  endfacet
  facet normal 0 0 1
    outer loop
      vertex 0.3230104446411133 -1.9992008209228516 18
      vertex -0.3230104446411133 -1.9992008209228516 18
      vertex 0.10926151275634766 -2.0905685424804688 18
    endloop
  endfacet
  facet normal 0 0 1
    outer loop
      vertex -0.5226421356201172 -1.8204584121704102 18
      vertex 0.5226421356201172 -1.8204584121704102 18
      vertex -0.6994314193725586 -1.5621528625488281 18
    endloop
  endfacet
  facet normal 0 0 1
    outer loop
      vertex 0.8456525802612305 -1.2355737686157227 18
      vertex -0.8456525802612305 -1.2355737686157227 18
      vertex 0.6994314193725586 -1.5621528625488281 18
    endloop
  endfacet
  facet normal 0 0 1
    outer loop
      vertex 0.9549140930175781 -0.8549947738647461 18
      vertex -1.0224418640136719 -0.43704795837402344 18
      vertex -0.9549140930175781 -0.8549947738647461 18
    endloop
  endfacet
  facet normal 0 0 1
    outer loop
      vertex -1.0224418640136719 -0.43704795837402344 18
      vertex 1.0452842712402344 0 18
      vertex -1.0452842712402344 0 18
    endloop
  endfacet
  facet normal 0 1 0
    outer loop
      vertex -9.983041763305664 0 0.024335553869605064
      vertex -9.97818374633789 0 0.3756803274154663
      vertex -9.939558982849121 0 0.3905394673347473
    endloop
  endfacet
  facet normal 0 1 0
    outer loop
      vertex -9.97818374633789 0 0.3756803274154663
      vertex -9.983041763305664 0 0.024335553869605064
      vertex -10 0 0
    endloop
  endfacet
  facet normal 0 1 0
    outer loop
      vertex 0 0 16
      vertex 1.0452842712402344 0 18
      vertex 2.0218162536621094 0 17.624319076538086
    endloop
  endfacet
  facet normal 0 1 0
    outer loop
      vertex 1.0452842712402344 0 18
      vertex 0 0 16
      vertex -1.0452842712402344 0 18
    endloop
  endfacet
  facet normal 0 1 0
    outer loop
      vertex -1.0452842712402344 0 18
      vertex 0 0 16
      vertex -2.0218162536621094 0 17.624319076538086
    endloop
  endfacet
  facet normal 0 1 0
    outer loop
      vertex 2.0218162536621094 0 17.624319076538086
      vertex 2.0905685424804688 0 15.606656074523926
      vertex 0 0 16
    endloop
  endfacet
  facet normal 0 1 0
    outer loop
      vertex 2.0905685424804688 0 15.606656074523926
      vertex 2.0218162536621094 0 17.624319076538086
      vertex 2.1406772136688232 0 15.577509880065918
    endloop
  endfacet
  facet normal 0 1 0
    outer loop
      vertex -2.0905685424804688 0 15.606656074523926
      vertex -2.0218162536621094 0 17.624319076538086
      vertex 0 0 16
    endloop
  endfacet
  facet normal 0 1 0
    outer loop
      vertex -2.0218162536621094 0 17.624319076538086
      vertex -2.0905685424804688 0 15.606656074523926
      vertex -2.1406772136688232 0 15.577509880065918
    endloop
  endfacet
  facet normal 0 1 0
    outer loop
      vertex 9.97818374633789 0 0.3756803274154663
      vertex 9.983041763305664 0 0.024335553869605064
      vertex 9.939558982849121 0 0.3905394673347473
    endloop
  endfacet
  facet normal 0 1 0
    outer loop
      vertex 9.983041763305664 0 0.024335553869605064
      vertex 9.97818374633789 0 0.3756803274154663
      vertex 10 0 0
    endloop
  endfacet
  facet normal -0.17623793786169248 0.6921309134069834 -0.699924987384129
    outer loop
      vertex 0 -9.633673667907715 12.562305450439453
      vertex 2.0905685424804688 -9.423154830932617 12.244084358215332
      vertex 0 -12.179983139038086 10.044350624084473
    endloop
  endfacet
  facet normal 0.5003008709464535 0.09928614214229448 -0.8601402795525391
    outer loop
      vertex -2.2853000164031982 -3.0084969997406006 15.146119117736816
      vertex -2.0905685424804688 0 15.606656074523926
      vertex -2.0905685424804688 -3.333162307739258 15.221908569335938
    endloop
  endfacet
  facet normal 0.500306941436222 0.09928522491355424 -0.8601368544973513
    outer loop
      vertex -2.0905685424804688 0 15.606656074523926
      vertex -2.2853000164031982 -3.0084969997406006 15.146119117736816
      vertex -2.1406772136688232 0 15.577509880065918
    endloop
  endfacet
  facet normal 0.4842588311908563 0.6151917562156975 -0.622119351489657
    outer loop
      vertex -2.0905685424804688 -9.423154830932617 12.244084358215332
      vertex -2.0905685424804688 -11.91382122039795 9.781152725219727
      vertex -4.089770317077637 -11.126968383789062 9.003061294555664
    endloop
  endfacet
  facet normal 0.16856715315980103 0.9677319073142331 -0.18729674434318624
    outer loop
      vertex -1.50032639503479 -15.843238830566406 0.8912245035171509
      vertex -2.0905685424804688 -15.246984481811523 3.440755844116211
      vertex 0 -15.587611198425293 3.562305450439453
    endloop
  endfacet
  facet normal 0.16856538863480006 0.967732125722527 -0.1872972039272291
    outer loop
      vertex -1.7228151559829712 -15.805392265319824 0.8865337371826172
      vertex -2.0905685424804688 -15.246984481811523 3.440755844116211
      vertex -1.50032639503479 -15.843238830566406 0.8912245035171509
    endloop
  endfacet
  facet normal 0.1685681141000335 0.9677317431173303 -0.18729672787278343
    outer loop
      vertex -2.0905685424804688 -15.246984481811523 3.440755844116211
      vertex -1.7228151559829712 -15.805392265319824 0.8865337371826172
      vertex -2.0905685424804688 -15.743695259094238 0.8743320107460022
    endloop
  endfacet
  facet normal -0.17031719257289463 0.9132006439015498 -0.37021161231366373
    outer loop
      vertex 2.0905685424804688 -13.883797645568848 6.803327560424805
      vertex 2.0905685424804688 -15.246984481811523 3.440755844116211
      vertex 0 -14.1939697265625 7
    endloop
  endfacet
  facet normal -0.16856715315980103 0.9677319073142331 -0.18729674434318624
    outer loop
      vertex 2.0905685424804688 -15.246984481811523 3.440755844116211
      vertex 1.50032639503479 -15.843238830566406 0.8912245035171509
      vertex 0 -15.587611198425293 3.562305450439453
    endloop
  endfacet
  facet normal -0.16856538863480006 0.967732125722527 -0.1872972039272291
    outer loop
      vertex 2.0905685424804688 -15.246984481811523 3.440755844116211
      vertex 1.7228151559829712 -15.805392265319824 0.8865337371826172
      vertex 1.50032639503479 -15.843238830566406 0.8912245035171509
    endloop
  endfacet
  facet normal -0.1685681141000335 0.9677317431173303 -0.18729672787278343
    outer loop
      vertex 1.7228151559829712 -15.805392265319824 0.8865337371826172
      vertex 2.0905685424804688 -15.246984481811523 3.440755844116211
      vertex 2.0905685424804688 -15.743695259094238 0.8743320107460022
    endloop
  endfacet
  facet normal -0.9645413319315254 0.2591235833515466 -0.05014965151238047
    outer loop
      vertex 9.043331146240234 -6.626077175140381 0.36445915699005127
      vertex 8.856916427612305 -7.313499450683594 0.3979066014289856
      vertex 8.707956314086914 -7.793805122375488 0.7811527252197266
    endloop
  endfacet
  facet normal 0.1795132249287555 0.5267984540246928 -0.8308179047859234
    outer loop
      vertex 0 -6.666325569152832 14.443818092346191
      vertex 0 -9.633673667907715 12.562305450439453
      vertex -2.0905685424804688 -6.520650863647461 14.084481239318848
    endloop
  endfacet
  facet normal 0.18220365955905196 0.3304586622291997 -0.9260663577740943
    outer loop
      vertex 0 -3.4076271057128906 15.606656074523926
      vertex 0 -6.666325569152832 14.443818092346191
      vertex -2.0905685424804688 -6.520650863647461 14.084481239318848
    endloop
  endfacet
  facet normal -0.8287121875125742 0.5186734614663285 -0.2102711360093456
    outer loop
      vertex 6.652352809906006 -10.59395980834961 4.549710273742676
      vertex 5.910228729248047 -11.483162879943848 5.281152725219727
      vertex 6.532756328582764 -10.691911697387695 4.779442310333252
    endloop
  endfacet
  facet normal -0.8287118936738663 0.5186741084594325 -0.21027069814238755
    outer loop
      vertex 5.910228729248047 -12.610642433166504 2.5
      vertex 6.652352809906006 -10.59395980834961 4.549710273742676
      vertex 7.2265400886535645 -9.987528800964355 3.7826240062713623
    endloop
  endfacet
  facet normal -0.8287120704844879 0.5186739250632509 -0.21027045368475897
    outer loop
      vertex 6.652352809906006 -10.59395980834961 4.549710273742676
      vertex 5.910228729248047 -12.610642433166504 2.5
      vertex 5.910228729248047 -11.483162879943848 5.281152725219727
    endloop
  endfacet
  facet normal 0.9929325524522873 0.013605285760164874 -0.11789759318989443
    outer loop
      vertex -9.937094688415527 -0.1515635848045349 0.39380523562431335
      vertex -9.982059478759766 -0.16973842680454254 0.013014782220125198
      vertex -9.98280143737793 -0.04143702611327171 0.021571889519691467
    endloop
  endfacet
  facet normal 0.9929324933474922 0.013608379755841426 -0.11789773388472377
    outer loop
      vertex -9.97867202758789 -0.3901989459991455 0.016097113490104675
      vertex -9.982059478759766 -0.16973842680454254 0.013014782220125198
      vertex -9.937094688415527 -0.1515635848045349 0.39380523562431335
    endloop
  endfacet
  facet normal 0.9929334399028975 0.013608505964870976 -0.11788974717083467
    outer loop
      vertex -9.982059478759766 -0.16973842680454254 0.013014782220125198
      vertex -9.97867202758789 -0.3901989459991455 0.016097113490104675
      vertex -9.98093032836914 -0.3648723065853119 0
    endloop
  endfacet
  facet normal 0.9929323765519338 0.013609713354064492 -0.11789856359323872
    outer loop
      vertex -9.97867202758789 -0.3901989459991455 0.016097113490104675
      vertex -9.937094688415527 -0.1515635848045349 0.39380523562431335
      vertex -9.932003021240234 -0.4646068811416626 0.4005504548549652
    endloop
  endfacet
  facet normal 0.6846797071489242 0.7155654400956746 -0.13849115336059203
    outer loop
      vertex -4.90322208404541 -13.9083890914917 0.773206353187561
      vertex -5.910228729248047 -12.610642433166504 2.5
      vertex -4.784161567687988 -14.02105712890625 0.7796830534934998
    endloop
  endfacet
  facet normal 0.6846787433733837 0.7155661502049735 -0.13849224907364782
    outer loop
      vertex -5.8332390785217285 -13.028307914733887 0.722614586353302
      vertex -5.910228729248047 -12.610642433166504 2.5
      vertex -4.90322208404541 -13.9083890914917 0.773206353187561
    endloop
  endfacet
  facet normal 0.6846813635049448 0.7155637732334464 -0.13849157701796305
    outer loop
      vertex -5.910228729248047 -12.610642433166504 2.5
      vertex -5.8332390785217285 -13.028307914733887 0.722614586353302
      vertex -5.910228729248047 -12.956332206726074 0.7138763666152954
    endloop
  endfacet
  facet normal -0.6885376175070561 0.6720731792916796 -0.27245842059749403
    outer loop
      vertex 4.089770317077637 -12.966836929321289 6.2219085693359375
      vertex 5.910228729248047 -12.610642433166504 2.5
      vertex 4.089770317077637 -14.239991188049316 3.081418991088867
    endloop
  endfacet
  facet normal 0.8287121163229813 0.5186739191966555 -0.21027028749841659
    outer loop
      vertex -7.2265400886535645 -9.987528800964355 3.7826240062713623
      vertex -7.472382545471191 -10.430147171020508 1.7219085693359375
      vertex -7.472382545471191 -9.727880477905273 3.454190492630005
    endloop
  endfacet
  facet normal 0.8287120640102653 0.5186739984117518 -0.21027029827203905
    outer loop
      vertex -7.472382545471191 -10.430147171020508 1.7219085693359375
      vertex -7.2265400886535645 -9.987528800964355 3.7826240062713623
      vertex -5.910228729248047 -12.610642433166504 2.5
    endloop
  endfacet
  facet normal -0.4712696072992475 0.8173755880994084 -0.3313640071208087
    outer loop
      vertex 4.089770317077637 -12.966836929321289 6.2219085693359375
      vertex 4.089770317077637 -14.239991188049316 3.081418991088867
      vertex 2.0905685424804688 -15.246984481811523 3.440755844116211
    endloop
  endfacet
  facet normal 0.17623793786169248 0.6921309134069834 -0.699924987384129
    outer loop
      vertex 0 -9.633673667907715 12.562305450439453
      vertex 0 -12.179983139038086 10.044350624084473
      vertex -2.0905685424804688 -9.423154830932617 12.244084358215332
    endloop
  endfacet
  facet normal -0.4913277707429197 0.4664049917958023 -0.7355701226428046
    outer loop
      vertex 3.0396409034729004 -7.840816497802734 12.61346435546875
      vertex 3.3673532009124756 -9.025688171386719 11.643272399902344
      vertex 2.0905685424804688 -9.423154830932617 12.244084358215332
    endloop
  endfacet
  facet normal 0.17951326109894536 0.526798469649292 -0.8308178870635765
    outer loop
      vertex -2.0905685424804688 -6.520650863647461 14.084481239318848
      vertex 0 -9.633673667907715 12.562305450439453
      vertex -2.0905685424804688 -9.423154830932617 12.244084358215332
    endloop
  endfacet
  facet normal 0.832853341353537 0.4616231900577635 -0.3053839258984384
    outer loop
      vertex -6.390230655670166 -10.778228759765625 5.037664890289307
      vertex -5.910228729248047 -11.483162879943848 5.281152725219727
      vertex -6.532756328582764 -10.691911697387695 4.779442310333252
    endloop
  endfacet
  facet normal 0.8328531341240656 0.46162248629431796 -0.30538555487641145
    outer loop
      vertex -5.910228729248047 -11.483162879943848 5.281152725219727
      vertex -6.390230655670166 -10.778228759765625 5.037664890289307
      vertex -6.192908763885498 -10.880009651184082 5.421952247619629
    endloop
  endfacet
  facet normal 0.6885377097336328 0.6720730619662499 -0.2724584769356108
    outer loop
      vertex -5.910228729248047 -11.483162879943848 5.281152725219727
      vertex -4.089770317077637 -12.966836929321289 6.2219085693359375
      vertex -5.910228729248047 -12.610642433166504 2.5
    endloop
  endfacet
  facet normal 0.4712694585863923 0.8173756199261469 -0.3313641401148225
    outer loop
      vertex -2.0905685424804688 -13.883797645568848 6.803327560424805
      vertex -2.0905685424804688 -15.246984481811523 3.440755844116211
      vertex -4.089770317077637 -12.966836929321289 6.2219085693359375
    endloop
  endfacet
  facet normal 0.17031719257289463 0.9132006439015498 -0.37021161231366373
    outer loop
      vertex -2.0905685424804688 -13.883797645568848 6.803327560424805
      vertex 0 -14.1939697265625 7
      vertex -2.0905685424804688 -15.246984481811523 3.440755844116211
    endloop
  endfacet
  facet normal 0.17031712209893077 0.9132006706216191 -0.370211578825086
    outer loop
      vertex 0 -14.1939697265625 7
      vertex 0 -15.587611198425293 3.562305450439453
      vertex -2.0905685424804688 -15.246984481811523 3.440755844116211
    endloop
  endfacet
  facet normal 0.47718393014927785 0.7329353424718812 -0.4848724374130949
    outer loop
      vertex -2.0905685424804688 -11.91382122039795 9.781152725219727
      vertex -2.0905685424804688 -13.883797645568848 6.803327560424805
      vertex -4.089770317077637 -12.966836929321289 6.2219085693359375
    endloop
  endfacet
  facet normal 0.6846783705948487 0.7155664894762382 -0.13849233905973193
    outer loop
      vertex -4.784161567687988 -14.02105712890625 0.7796830534934998
      vertex -4.089770317077637 -14.239991188049316 3.081418991088867
      vertex -4.187467098236084 -14.585712432861328 0.8121424913406372
    endloop
  endfacet
  facet normal 0.6846770717035414 0.7155677072141641 -0.13849246866067383
    outer loop
      vertex -4.187467098236084 -14.585712432861328 0.8121424913406372
      vertex -4.089770317077637 -14.239991188049316 3.081418991088867
      vertex -4.089770317077637 -14.679333686828613 0.8114088773727417
    endloop
  endfacet
  facet normal 0.6846786594197595 0.7155661907554663 -0.13849245460627999
    outer loop
      vertex -4.089770317077637 -14.239991188049316 3.081418991088867
      vertex -4.784161567687988 -14.02105712890625 0.7796830534934998
      vertex -5.910228729248047 -12.610642433166504 2.5
    endloop
  endfacet
  facet normal -0.491327278536508 0.4664048014913756 -0.7355705720810882
    outer loop
      vertex 2.0905685424804688 -6.520650863647461 14.084481239318848
      vertex 3.0396409034729004 -7.840816497802734 12.61346435546875
      vertex 2.0905685424804688 -9.423154830932617 12.244084358215332
    endloop
  endfacet
  facet normal -0.49132706192448045 0.4664049872155014 -0.7355705990054018
    outer loop
      vertex 3.0396409034729004 -7.840816497802734 12.61346435546875
      vertex 2.0905685424804688 -6.520650863647461 14.084481239318848
      vertex 2.641674280166626 -6.4019341468811035 13.791643142700195
    endloop
  endfacet
  facet normal -0.5003025751074966 0.09928743038767691 -0.860139139620922
    outer loop
      vertex 2.2853000164031982 -3.0084969997406006 15.146119117736816
      vertex 2.299799680709839 -3.3101232051849365 15.10286808013916
      vertex 2.0905685424804688 -3.333162307739258 15.221908569335938
    endloop
  endfacet
  facet normal -0.1762380255736938 0.6921309407354355 -0.6999249382745033
    outer loop
      vertex 2.0905685424804688 -9.423154830932617 12.244084358215332
      vertex 2.0905685424804688 -11.91382122039795 9.781152725219727
      vertex 0 -12.179983139038086 10.044350624084473
    endloop
  endfacet
  facet normal -0.17951326109894536 0.526798469649292 -0.8308178870635765
    outer loop
      vertex 2.0905685424804688 -6.520650863647461 14.084481239318848
      vertex 2.0905685424804688 -9.423154830932617 12.244084358215332
      vertex 0 -9.633673667907715 12.562305450439453
    endloop
  endfacet
  facet normal -0.18220366864746826 0.3304586562881028 -0.9260663581059756
    outer loop
      vertex 2.0905685424804688 -3.333162307739258 15.221908569335938
      vertex 2.0905685424804688 -6.520650863647461 14.084481239318848
      vertex 0 -3.4076271057128906 15.606656074523926
    endloop
  endfacet
  facet normal -0.18220365955905196 0.3304586622291997 -0.9260663577740943
    outer loop
      vertex 0 -3.4076271057128906 15.606656074523926
      vertex 2.0905685424804688 -6.520650863647461 14.084481239318848
      vertex 0 -6.666325569152832 14.443818092346191
    endloop
  endfacet
  facet normal 0.183728779863868 0.11271676210783878 -0.9764930450288212
    outer loop
      vertex -2.0905685424804688 0 15.606656074523926
      vertex 0 0 16
      vertex -2.0905685424804688 -3.333162307739258 15.221908569335938
    endloop
  endfacet
  facet normal -0.17031712209893077 0.9132006706216191 -0.370211578825086
    outer loop
      vertex 0 -14.1939697265625 7
      vertex 2.0905685424804688 -15.246984481811523 3.440755844116211
      vertex 0 -15.587611198425293 3.562305450439453
    endloop
  endfacet
  facet normal 0.6943442177428492 0.6001931802121486 -0.39705699051130966
    outer loop
      vertex -4.089770317077637 -12.966836929321289 6.2219085693359375
      vertex -5.910228729248047 -11.025818824768066 5.972476005554199
      vertex -5.579479217529297 -11.025527000427246 6.551307678222656
    endloop
  endfacet
  facet normal 0.6943441693880044 0.6001931620995342 -0.3970571024498171
    outer loop
      vertex -4.089770317077637 -12.966836929321289 6.2219085693359375
      vertex -5.579479217529297 -11.025527000427246 6.551307678222656
      vertex -5.225207805633545 -11.025214195251465 7.171304225921631
    endloop
  endfacet
  facet normal 0.6943442053735351 0.600193162364555 -0.397057039120362
    outer loop
      vertex -5.910228729248047 -11.025818824768066 5.972476005554199
      vertex -4.089770317077637 -12.966836929321289 6.2219085693359375
      vertex -5.910228729248047 -11.483162879943848 5.281152725219727
    endloop
  endfacet
  facet normal 0.17299791031831854 0.8214399782635902 -0.543422565905951
    outer loop
      vertex -2.0905685424804688 -11.91382122039795 9.781152725219727
      vertex 0 -14.1939697265625 7
      vertex -2.0905685424804688 -13.883797645568848 6.803327560424805
    endloop
  endfacet
  facet normal 0.6885376175070561 0.6720731792916796 -0.27245842059749403
    outer loop
      vertex -4.089770317077637 -12.966836929321289 6.2219085693359375
      vertex -4.089770317077637 -14.239991188049316 3.081418991088867
      vertex -5.910228729248047 -12.610642433166504 2.5
    endloop
  endfacet
  facet normal 0.4673770017743248 0.8679514728695056 -0.1679850557522857
    outer loop
      vertex -2.0905685424804688 -15.246984481811523 3.440755844116211
      vertex -2.0905685424804688 -15.743695259094238 0.8743320107460022
      vertex -2.5072638988494873 -15.518138885498047 0.8803930282592773
    endloop
  endfacet
  facet normal 0.4673785546608252 0.8679506055288938 -0.16798521662689486
    outer loop
      vertex -2.0905685424804688 -15.246984481811523 3.440755844116211
      vertex -2.5072638988494873 -15.518138885498047 0.8803930282592773
      vertex -3.4888362884521484 -14.997858047485352 0.8376046419143677
    endloop
  endfacet
  facet normal 0.8259360437786073 0.5534926553849797 -0.10712390966645415
    outer loop
      vertex -5.910228729248047 -12.610642433166504 2.5
      vertex -6.237612247467041 -12.471977233886719 0.6923019886016846
      vertex -6.799371719360352 -11.640870094299316 0.6552822589874268
    endloop
  endfacet
  facet normal 0.8259362340664294 0.5534923603829357 -0.10712396675763489
    outer loop
      vertex -6.237612247467041 -12.471977233886719 0.6923019886016846
      vertex -5.910228729248047 -12.610642433166504 2.5
      vertex -5.910228729248047 -12.956332206726074 0.7138763666152954
    endloop
  endfacet
  facet normal -0.4673785546608252 0.8679506055288938 -0.16798521662689486
    outer loop
      vertex 2.0905685424804688 -15.246984481811523 3.440755844116211
      vertex 3.4888362884521484 -14.997858047485352 0.8376046419143677
      vertex 2.5072638988494873 -15.518138885498047 0.8803930282592773
    endloop
  endfacet
  facet normal -0.4673770017743248 0.8679514728695056 -0.1679850557522857
    outer loop
      vertex 2.0905685424804688 -15.246984481811523 3.440755844116211
      vertex 2.5072638988494873 -15.518138885498047 0.8803930282592773
      vertex 2.0905685424804688 -15.743695259094238 0.8743320107460022
    endloop
  endfacet
  facet normal -0.4842590124890587 0.615191629010494 -0.6221193361554811
    outer loop
      vertex 4.089770317077637 -11.126968383789062 9.003061294555664
      vertex 3.656996250152588 -9.823062896728516 10.629319190979004
      vertex 4.089770317077637 -10.355937957763672 9.76550579071045
    endloop
  endfacet
  facet normal -0.4842588946730834 0.6151916977347935 -0.6221193599046617
    outer loop
      vertex 2.0905685424804688 -9.423154830932617 12.244084358215332
      vertex 3.656996250152588 -9.823062896728516 10.629319190979004
      vertex 4.089770317077637 -11.126968383789062 9.003061294555664
    endloop
  endfacet
  facet normal -0.4842450747558835 0.6152112389660959 -0.6221107932068614
    outer loop
      vertex 3.656996250152588 -9.823062896728516 10.629319190979004
      vertex 2.0905685424804688 -9.423154830932617 12.244084358215332
      vertex 3.653200387954712 -9.816855430603027 10.638412475585938
    endloop
  endfacet
  facet normal -0.4842782614485966 0.6151641340362503 -0.6221315404990773
    outer loop
      vertex 3.653200387954712 -9.816855430603027 10.638412475585938
      vertex 2.0905685424804688 -9.423154830932617 12.244084358215332
      vertex 3.647287607192993 -9.80048942565918 10.659197807312012
    endloop
  endfacet
  facet normal -0.4842592829585205 0.6151913683874565 -0.6221193833421913
    outer loop
      vertex 3.647287607192993 -9.80048942565918 10.659197807312012
      vertex 2.0905685424804688 -9.423154830932617 12.244084358215332
      vertex 3.3673532009124756 -9.025688171386719 11.643272399902344
    endloop
  endfacet
  facet normal -0.47718408715116944 0.7329352081953456 -0.4848724858737094
    outer loop
      vertex 4.089770317077637 -11.126968383789062 9.003061294555664
      vertex 4.089770317077637 -12.966836929321289 6.2219085693359375
      vertex 2.0905685424804688 -11.91382122039795 9.781152725219727
    endloop
  endfacet
  facet normal -0.6943442053735351 0.600193162364555 -0.397057039120362
    outer loop
      vertex 4.089770317077637 -12.966836929321289 6.2219085693359375
      vertex 5.910228729248047 -11.025818824768066 5.972476005554199
      vertex 5.910228729248047 -11.483162879943848 5.281152725219727
    endloop
  endfacet
  facet normal -0.6943442177428492 0.6001931802121486 -0.39705699051130966
    outer loop
      vertex 5.910228729248047 -11.025818824768066 5.972476005554199
      vertex 4.089770317077637 -12.966836929321289 6.2219085693359375
      vertex 5.579479217529297 -11.025527000427246 6.551307678222656
    endloop
  endfacet
  facet normal -0.6943441693880044 0.6001931620995342 -0.3970571024498171
    outer loop
      vertex 5.579479217529297 -11.025527000427246 6.551307678222656
      vertex 4.089770317077637 -12.966836929321289 6.2219085693359375
      vertex 5.225207805633545 -11.025214195251465 7.171304225921631
    endloop
  endfacet
  facet normal 0.47718408715116944 0.7329352081953456 -0.4848724858737094
    outer loop
      vertex -4.089770317077637 -11.126968383789062 9.003061294555664
      vertex -2.0905685424804688 -11.91382122039795 9.781152725219727
      vertex -4.089770317077637 -12.966836929321289 6.2219085693359375
    endloop
  endfacet
  facet normal -0.1729977870612404 0.8214399553541165 -0.5434226397747344
    outer loop
      vertex 0 -12.179983139038086 10.044350624084473
      vertex 2.0905685424804688 -11.91382122039795 9.781152725219727
      vertex 0 -14.1939697265625 7
    endloop
  endfacet
  facet normal -0.4970714916695067 0.29162391153793604 -0.8172364568402254
    outer loop
      vertex 2.0905685424804688 -6.520650863647461 14.084481239318848
      vertex 2.4457662105560303 -5.487875938415527 14.236974716186523
      vertex 2.512850284576416 -5.800873756408691 14.084481239318848
    endloop
  endfacet
  facet normal -0.4970657062179261 0.2916225149363137 -0.8172404740859901
    outer loop
      vertex 2.0905685424804688 -6.520650863647461 14.084481239318848
      vertex 2.435718297958374 -5.420926094055176 14.266976356506348
      vertex 2.4457662105560303 -5.487875938415527 14.236974716186523
    endloop
  endfacet
  facet normal -0.4970699216373841 0.29162336229714403 -0.8172376077775139
    outer loop
      vertex 2.0905685424804688 -6.520650863647461 14.084481239318848
      vertex 2.429515838623047 -5.379597187042236 14.285496711730957
      vertex 2.435718297958374 -5.420926094055176 14.266976356506348
    endloop
  endfacet
  facet normal -0.4970737240866392 0.2916240416633759 -0.8172350525684501
    outer loop
      vertex 2.0905685424804688 -6.520650863647461 14.084481239318848
      vertex 2.4193122386932373 -5.2168121337890625 14.349791526794434
      vertex 2.429515838623047 -5.379597187042236 14.285496711730957
    endloop
  endfacet
  facet normal -0.4970712179334415 0.2916237417298533 -0.8172366839304541
    outer loop
      vertex 2.0905685424804688 -3.333162307739258 15.221908569335938
      vertex 2.4193122386932373 -5.2168121337890625 14.349791526794434
      vertex 2.0905685424804688 -6.520650863647461 14.084481239318848
    endloop
  endfacet
  facet normal -0.4970720471554036 0.29162341712381407 -0.8172362954016215
    outer loop
      vertex 2.4193122386932373 -5.2168121337890625 14.349791526794434
      vertex 2.0905685424804688 -3.333162307739258 15.221908569335938
      vertex 2.299799680709839 -3.3101232051849365 15.10286808013916
    endloop
  endfacet
  facet normal -0.4970710071452907 0.2916236272753109 -0.8172368529810417
    outer loop
      vertex 2.512850284576416 -5.800873756408691 14.084481239318848
      vertex 2.641674280166626 -6.4019341468811035 13.791643142700195
      vertex 2.0905685424804688 -6.520650863647461 14.084481239318848
    endloop
  endfacet
  facet normal -0.1795132249287555 0.5267984540246928 -0.8308179047859234
    outer loop
      vertex 0 -6.666325569152832 14.443818092346191
      vertex 2.0905685424804688 -6.520650863647461 14.084481239318848
      vertex 0 -9.633673667907715 12.562305450439453
    endloop
  endfacet
  facet normal 0.18220366864746826 0.3304586562881028 -0.9260663581059756
    outer loop
      vertex -2.0905685424804688 -3.333162307739258 15.221908569335938
      vertex 0 -3.4076271057128906 15.606656074523926
      vertex -2.0905685424804688 -6.520650863647461 14.084481239318848
    endloop
  endfacet
  facet normal 0.8328530421340274 0.46162249771557295 -0.3053857884888091
    outer loop
      vertex -5.910228729248047 -11.025818824768066 5.972476005554199
      vertex -5.910228729248047 -11.483162879943848 5.281152725219727
      vertex -6.192908763885498 -10.880009651184082 5.421952247619629
    endloop
  endfacet
  facet normal 0.5003025751074966 0.09928743038767691 -0.860139139620922
    outer loop
      vertex -2.2853000164031982 -3.0084969997406006 15.146119117736816
      vertex -2.0905685424804688 -3.333162307739258 15.221908569335938
      vertex -2.299799680709839 -3.3101232051849365 15.10286808013916
    endloop
  endfacet
  facet normal 0.4970712179334415 0.2916237417298533 -0.8172366839304541
    outer loop
      vertex -2.4193122386932373 -5.2168121337890625 14.349791526794434
      vertex -2.0905685424804688 -3.333162307739258 15.221908569335938
      vertex -2.0905685424804688 -6.520650863647461 14.084481239318848
    endloop
  endfacet
  facet normal 0.4970720471554036 0.29162341712381407 -0.8172362954016215
    outer loop
      vertex -2.0905685424804688 -3.333162307739258 15.221908569335938
      vertex -2.4193122386932373 -5.2168121337890625 14.349791526794434
      vertex -2.299799680709839 -3.3101232051849365 15.10286808013916
    endloop
  endfacet
  facet normal 0.4970737240866392 0.2916240416633759 -0.8172350525684501
    outer loop
      vertex -2.0905685424804688 -6.520650863647461 14.084481239318848
      vertex -2.429515838623047 -5.379597187042236 14.285496711730957
      vertex -2.4193122386932373 -5.2168121337890625 14.349791526794434
    endloop
  endfacet
  facet normal 0.4970699216373841 0.29162336229714403 -0.8172376077775139
    outer loop
      vertex -2.0905685424804688 -6.520650863647461 14.084481239318848
      vertex -2.435718297958374 -5.420926094055176 14.266976356506348
      vertex -2.429515838623047 -5.379597187042236 14.285496711730957
    endloop
  endfacet
  facet normal 0.4970657062179261 0.2916225149363137 -0.8172404740859901
    outer loop
      vertex -2.0905685424804688 -6.520650863647461 14.084481239318848
      vertex -2.4457662105560303 -5.487875938415527 14.236974716186523
      vertex -2.435718297958374 -5.420926094055176 14.266976356506348
    endloop
  endfacet
  facet normal 0.4970714916695067 0.29162391153793604 -0.8172364568402254
    outer loop
      vertex -2.4457662105560303 -5.487875938415527 14.236974716186523
      vertex -2.0905685424804688 -6.520650863647461 14.084481239318848
      vertex -2.512850284576416 -5.800873756408691 14.084481239318848
    endloop
  endfacet
  facet normal 0.1837283612324084 0.11271703568981688 -0.9764930922152772
    outer loop
      vertex 0 0 16
      vertex 0 -3.4076271057128906 15.606656074523926
      vertex -2.0905685424804688 -3.333162307739258 15.221908569335938
    endloop
  endfacet
  facet normal -0.5003008709464535 0.09928614214229448 -0.8601402795525391
    outer loop
      vertex 2.0905685424804688 0 15.606656074523926
      vertex 2.2853000164031982 -3.0084969997406006 15.146119117736816
      vertex 2.0905685424804688 -3.333162307739258 15.221908569335938
    endloop
  endfacet
  facet normal -0.500306941436222 0.09928522491355424 -0.8601368544973513
    outer loop
      vertex 2.2853000164031982 -3.0084969997406006 15.146119117736816
      vertex 2.0905685424804688 0 15.606656074523926
      vertex 2.1406772136688232 0 15.577509880065918
    endloop
  endfacet
  facet normal 0.8287121875125742 0.5186734614663285 -0.2102711360093456
    outer loop
      vertex -5.910228729248047 -11.483162879943848 5.281152725219727
      vertex -6.652352809906006 -10.59395980834961 4.549710273742676
      vertex -6.532756328582764 -10.691911697387695 4.779442310333252
    endloop
  endfacet
  facet normal 0.8287120704844879 0.5186739250632509 -0.21027045368475897
    outer loop
      vertex -5.910228729248047 -12.610642433166504 2.5
      vertex -6.652352809906006 -10.59395980834961 4.549710273742676
      vertex -5.910228729248047 -11.483162879943848 5.281152725219727
    endloop
  endfacet
  facet normal 0.8287118936738663 0.5186741084594325 -0.21027069814238755
    outer loop
      vertex -6.652352809906006 -10.59395980834961 4.549710273742676
      vertex -5.910228729248047 -12.610642433166504 2.5
      vertex -7.2265400886535645 -9.987528800964355 3.7826240062713623
    endloop
  endfacet
  facet normal -0.6846797071489242 0.7155654400956746 -0.13849115336059203
    outer loop
      vertex 5.910228729248047 -12.610642433166504 2.5
      vertex 4.90322208404541 -13.9083890914917 0.773206353187561
      vertex 4.784161567687988 -14.02105712890625 0.7796830534934998
    endloop
  endfacet
  facet normal -0.6846787433733837 0.7155661502049735 -0.13849224907364782
    outer loop
      vertex 5.910228729248047 -12.610642433166504 2.5
      vertex 5.8332390785217285 -13.028307914733887 0.722614586353302
      vertex 4.90322208404541 -13.9083890914917 0.773206353187561
    endloop
  endfacet
  facet normal -0.6846813635049448 0.7155637732334464 -0.13849157701796305
    outer loop
      vertex 5.8332390785217285 -13.028307914733887 0.722614586353302
      vertex 5.910228729248047 -12.610642433166504 2.5
      vertex 5.910228729248047 -12.956332206726074 0.7138763666152954
    endloop
  endfacet
  facet normal -0.6885377097336328 0.6720730619662499 -0.2724584769356108
    outer loop
      vertex 5.910228729248047 -11.483162879943848 5.281152725219727
      vertex 5.910228729248047 -12.610642433166504 2.5
      vertex 4.089770317077637 -12.966836929321289 6.2219085693359375
    endloop
  endfacet
  facet normal -0.16857396161215574 0.9677303085568133 -0.18729887711067159
    outer loop
      vertex 0 -15.587611198425293 3.562305450439453
      vertex 0.9325469136238098 -15.93982219696045 0.9031950831413269
      vertex 0.833958625793457 -15.95659351348877 0.9052736163139343
    endloop
  endfacet
  facet normal -0.1685669579250373 0.9677319615415013 -0.18729663987091955
    outer loop
      vertex 0.9325469136238098 -15.93982219696045 0.9031950831413269
      vertex 0 -15.587611198425293 3.562305450439453
      vertex 1.50032639503479 -15.843238830566406 0.8912245035171509
    endloop
  endfacet
  facet normal -0.16856638605236268 0.9677320417615082 -0.18729674007133282
    outer loop
      vertex 0 -15.587611198425293 3.562305450439453
      vertex 0.833958625793457 -15.95659351348877 0.9052736163139343
      vertex 0 -16.104251861572266 0.8929064869880676
    endloop
  endfacet
  facet normal 0.16856638605236268 0.9677320417615082 -0.18729674007133282
    outer loop
      vertex 0 -15.587611198425293 3.562305450439453
      vertex 0 -16.104251861572266 0.8929064869880676
      vertex -0.833958625793457 -15.95659351348877 0.9052736163139343
    endloop
  endfacet
  facet normal 0.16857396161215574 0.9677303085568133 -0.18729887711067159
    outer loop
      vertex -0.9325469136238098 -15.93982219696045 0.9031950831413269
      vertex 0 -15.587611198425293 3.562305450439453
      vertex -0.833958625793457 -15.95659351348877 0.9052736163139343
    endloop
  endfacet
  facet normal 0.1685669579250373 0.9677319615415013 -0.18729663987091955
    outer loop
      vertex 0 -15.587611198425293 3.562305450439453
      vertex -0.9325469136238098 -15.93982219696045 0.9031950831413269
      vertex -1.50032639503479 -15.843238830566406 0.8912245035171509
    endloop
  endfacet
  facet normal 0.46737842460460644 0.8679506906597166 -0.16798513862076367
    outer loop
      vertex -3.4888362884521484 -14.997858047485352 0.8376046419143677
      vertex -4.089770317077637 -14.239991188049316 3.081418991088867
      vertex -2.0905685424804688 -15.246984481811523 3.440755844116211
    endloop
  endfacet
  facet normal 0.4673783594421067 0.8679507204253095 -0.1679851661260338
    outer loop
      vertex -3.7710533142089844 -14.84826946258545 0.8253023028373718
      vertex -4.089770317077637 -14.239991188049316 3.081418991088867
      vertex -3.4888362884521484 -14.997858047485352 0.8376046419143677
    endloop
  endfacet
  facet normal 0.46737931782705433 0.8679502548468876 -0.16798490521097553
    outer loop
      vertex -4.089770317077637 -14.239991188049316 3.081418991088867
      vertex -3.7710533142089844 -14.84826946258545 0.8253023028373718
      vertex -4.089770317077637 -14.679333686828613 0.8114088773727417
    endloop
  endfacet
  facet normal 0.4712696072992475 0.8173755880994084 -0.3313640071208087
    outer loop
      vertex -4.089770317077637 -12.966836929321289 6.2219085693359375
      vertex -2.0905685424804688 -15.246984481811523 3.440755844116211
      vertex -4.089770317077637 -14.239991188049316 3.081418991088867
    endloop
  endfacet
  facet normal -0.9147052505993728 0.37451613307303033 -0.15182875417378247
    outer loop
      vertex 7.852726936340332 -9.043299674987793 2.8514294624328613
      vertex 7.472382545471191 -10.430147171020508 1.7219085693359375
      vertex 7.472382545471191 -9.727880477905273 3.454190492630005
    endloop
  endfacet
  facet normal -0.9147052679417674 0.3745161063737521 -0.15182871555217753
    outer loop
      vertex 8.184478759765625 -8.44618034362793 2.325676918029785
      vertex 7.472382545471191 -10.430147171020508 1.7219085693359375
      vertex 7.852726936340332 -9.043299674987793 2.8514294624328613
    endloop
  endfacet
  facet normal -0.9147056892342846 0.3745157515400807 -0.15182705269747154
    outer loop
      vertex 7.472382545471191 -10.430147171020508 1.7219085693359375
      vertex 8.184478759765625 -8.44618034362793 2.325676918029785
      vertex 8.27873420715332 -8.254881858825684 2.229701280593872
    endloop
  endfacet
  facet normal -0.8259360437786073 0.5534926553849797 -0.10712390966645415
    outer loop
      vertex 6.237612247467041 -12.471977233886719 0.6923019886016846
      vertex 5.910228729248047 -12.610642433166504 2.5
      vertex 6.799371719360352 -11.640870094299316 0.6552822589874268
    endloop
  endfacet
  facet normal -0.8259362340664294 0.5534923603829357 -0.10712396675763489
    outer loop
      vertex 5.910228729248047 -12.610642433166504 2.5
      vertex 6.237612247467041 -12.471977233886719 0.6923019886016846
      vertex 5.910228729248047 -12.956332206726074 0.7138763666152954
    endloop
  endfacet
  facet normal -0.6846783705948487 0.7155664894762382 -0.13849233905973193
    outer loop
      vertex 4.089770317077637 -14.239991188049316 3.081418991088867
      vertex 4.784161567687988 -14.02105712890625 0.7796830534934998
      vertex 4.187467098236084 -14.585712432861328 0.8121424913406372
    endloop
  endfacet
  facet normal -0.6846786594197595 0.7155661907554663 -0.13849245460627999
    outer loop
      vertex 4.784161567687988 -14.02105712890625 0.7796830534934998
      vertex 4.089770317077637 -14.239991188049316 3.081418991088867
      vertex 5.910228729248047 -12.610642433166504 2.5
    endloop
  endfacet
  facet normal -0.6846770717035414 0.7155677072141641 -0.13849246866067383
    outer loop
      vertex 4.089770317077637 -14.239991188049316 3.081418991088867
      vertex 4.187467098236084 -14.585712432861328 0.8121424913406372
      vertex 4.089770317077637 -14.679333686828613 0.8114088773727417
    endloop
  endfacet
  facet normal -0.46737842460460644 0.8679506906597166 -0.16798513862076367
    outer loop
      vertex 4.089770317077637 -14.239991188049316 3.081418991088867
      vertex 3.4888362884521484 -14.997858047485352 0.8376046419143677
      vertex 2.0905685424804688 -15.246984481811523 3.440755844116211
    endloop
  endfacet
  facet normal -0.4673783594421067 0.8679507204253095 -0.1679851661260338
    outer loop
      vertex 4.089770317077637 -14.239991188049316 3.081418991088867
      vertex 3.7710533142089844 -14.84826946258545 0.8253023028373718
      vertex 3.4888362884521484 -14.997858047485352 0.8376046419143677
    endloop
  endfacet
  facet normal -0.46737931782705433 0.8679502548468876 -0.16798490521097553
    outer loop
      vertex 3.7710533142089844 -14.84826946258545 0.8253023028373718
      vertex 4.089770317077637 -14.239991188049316 3.081418991088867
      vertex 4.089770317077637 -14.679333686828613 0.8114088773727417
    endloop
  endfacet
  facet normal -0.9652493714537225 0.24218521198788132 -0.0981833692769748
    outer loop
      vertex 9.355846405029297 -5.401155471801758 0.3135852813720703
      vertex 9.07210636138916 -6.125849723815918 1.31548273563385
      vertex 9.384910583496094 -5.2916436195373535 0.29798153042793274
    endloop
  endfacet
  facet normal -0.9652490563153436 0.24218704030174834 -0.09818195756969711
    outer loop
      vertex 9.043331146240234 -6.626077175140381 0.36445915699005127
      vertex 9.07210636138916 -6.125849723815918 1.31548273563385
      vertex 9.355846405029297 -5.401155471801758 0.3135852813720703
    endloop
  endfacet
  facet normal -0.9652488559635071 0.2421876964436966 -0.0981823087548719
    outer loop
      vertex 9.043331146240234 -6.626077175140381 0.36445915699005127
      vertex 8.807699203491211 -7.039198875427246 1.6619482040405273
      vertex 9.07210636138916 -6.125849723815918 1.31548273563385
    endloop
  endfacet
  facet normal -0.9652490733439753 0.2421866832803562 -0.09818267082462882
    outer loop
      vertex 8.707956314086914 -7.793805122375488 0.7811527252197266
      vertex 8.807699203491211 -7.039198875427246 1.6619482040405273
      vertex 9.043331146240234 -6.626077175140381 0.36445915699005127
    endloop
  endfacet
  facet normal -0.9652492685155879 0.24218611258518308 -0.09818215978984932
    outer loop
      vertex 8.807699203491211 -7.039198875427246 1.6619482040405273
      vertex 8.707956314086914 -7.793805122375488 0.7811527252197266
      vertex 8.707956314086914 -7.3837456703186035 1.792647123336792
    endloop
  endfacet
  facet normal -0.4842588311908563 0.6151917562156975 -0.622119351489657
    outer loop
      vertex 2.0905685424804688 -9.423154830932617 12.244084358215332
      vertex 4.089770317077637 -11.126968383789062 9.003061294555664
      vertex 2.0905685424804688 -11.91382122039795 9.781152725219727
    endloop
  endfacet
  facet normal -0.4712694585863923 0.8173756199261469 -0.3313641401148225
    outer loop
      vertex 2.0905685424804688 -13.883797645568848 6.803327560424805
      vertex 4.089770317077637 -12.966836929321289 6.2219085693359375
      vertex 2.0905685424804688 -15.246984481811523 3.440755844116211
    endloop
  endfacet
  facet normal -0.7011971444434761 0.501313546833178 -0.5069588665620259
    outer loop
      vertex 4.089770317077637 -10.355937957763672 9.76550579071045
      vertex 4.377396106719971 -10.600340843200684 9.125996589660645
      vertex 4.089770317077637 -11.126968383789062 9.003061294555664
    endloop
  endfacet
  facet normal -0.17299791031831854 0.8214399782635902 -0.543422565905951
    outer loop
      vertex 2.0905685424804688 -11.91382122039795 9.781152725219727
      vertex 2.0905685424804688 -13.883797645568848 6.803327560424805
      vertex 0 -14.1939697265625 7
    endloop
  endfacet
  facet normal -0.47718393014927785 0.7329353424718812 -0.4848724374130949
    outer loop
      vertex 2.0905685424804688 -11.91382122039795 9.781152725219727
      vertex 4.089770317077637 -12.966836929321289 6.2219085693359375
      vertex 2.0905685424804688 -13.883797645568848 6.803327560424805
    endloop
  endfacet
  facet normal 0.1729977870612404 0.8214399553541165 -0.5434226397747344
    outer loop
      vertex 0 -12.179983139038086 10.044350624084473
      vertex 0 -14.1939697265625 7
      vertex -2.0905685424804688 -11.91382122039795 9.781152725219727
    endloop
  endfacet
  facet normal 0.1762380255736938 0.6921309407354355 -0.6999249382745033
    outer loop
      vertex -2.0905685424804688 -9.423154830932617 12.244084358215332
      vertex 0 -12.179983139038086 10.044350624084473
      vertex -2.0905685424804688 -11.91382122039795 9.781152725219727
    endloop
  endfacet
  facet normal 0.9920081148431504 0.10523149291687778 -0.06961489053230033
    outer loop
      vertex -9.77400016784668 -2.5610907077789307 0.5325714349746704
      vertex -9.821802139282227 -2.4133567810058594 0.07471419125795364
      vertex -9.86050796508789 -2.068094253540039 0.04506533220410347
    endloop
  endfacet
  facet normal 0.9920075195753439 0.10523867925469113 -0.06961250961358838
    outer loop
      vertex -9.76627254486084 -2.629992723464966 0.5385287404060364
      vertex -9.821802139282227 -2.4133567810058594 0.07471419125795364
      vertex -9.77400016784668 -2.5610907077789307 0.5325714349746704
    endloop
  endfacet
  facet normal 0.9920082128908527 0.10522914176801436 -0.06961704733658088
    outer loop
      vertex -9.821802139282227 -2.4133567810058594 0.07471419125795364
      vertex -9.76627254486084 -2.629992723464966 0.5385287404060364
      vertex -9.745766639709473 -2.8100473880767822 0.5585673451423645
    endloop
  endfacet
  facet normal 0.9925888337718012 0.06507127313623899 -0.10263106977891509
    outer loop
      vertex -9.909233093261719 -0.9799284338951111 0.41718944907188416
      vertex -9.94384479522705 -0.9897915124893188 0.07619142532348633
      vertex -9.948507308959961 -0.8574289083480835 0.115020252764225
    endloop
  endfacet
  facet normal 0.9925885732890829 0.06507511292356033 -0.10263115440220295
    outer loop
      vertex -9.895018577575684 -1.1832153797149658 0.4257662296295166
      vertex -9.94384479522705 -0.9897915124893188 0.07619142532348633
      vertex -9.909233093261719 -0.9799284338951111 0.41718944907188416
    endloop
  endfacet
  facet normal 0.9925886125171122 0.06507034529768643 -0.10263379786500097
    outer loop
      vertex -9.94384479522705 -0.9897915124893188 0.07619142532348633
      vertex -9.895018577575684 -1.1832153797149658 0.4257662296295166
      vertex -9.887788772583008 -1.2822436094284058 0.4329024851322174
    endloop
  endfacet
  facet normal 0.9929320334274983 0.0136221979171922 -0.11790001152433457
    outer loop
      vertex -9.939558982849121 0 0.3905394673347473
      vertex -9.98280143737793 -0.04143702611327171 0.021571889519691467
      vertex -9.983041763305664 0 0.024335553869605064
    endloop
  endfacet
  facet normal 0.9929325224409569 0.013603864730702091 -0.11789800992140388
    outer loop
      vertex -9.98280143737793 -0.04143702611327171 0.021571889519691467
      vertex -9.939558982849121 0 0.3905394673347473
      vertex -9.937094688415527 -0.1515635848045349 0.39380523562431335
    endloop
  endfacet
  facet normal 0.4913277707429197 0.4664049917958023 -0.7355701226428046
    outer loop
      vertex -3.0396409034729004 -7.840816497802734 12.61346435546875
      vertex -2.0905685424804688 -9.423154830932617 12.244084358215332
      vertex -3.3673532009124756 -9.025688171386719 11.643272399902344
    endloop
  endfacet
  facet normal 0.491327278536508 0.4664048014913756 -0.7355705720810882
    outer loop
      vertex -3.0396409034729004 -7.840816497802734 12.61346435546875
      vertex -2.0905685424804688 -6.520650863647461 14.084481239318848
      vertex -2.0905685424804688 -9.423154830932617 12.244084358215332
    endloop
  endfacet
  facet normal 0.49132706192448045 0.4664049872155014 -0.7355705990054018
    outer loop
      vertex -2.0905685424804688 -6.520650863647461 14.084481239318848
      vertex -3.0396409034729004 -7.840816497802734 12.61346435546875
      vertex -2.641674280166626 -6.4019341468811035 13.791643142700195
    endloop
  endfacet
  facet normal 0.7011966694467423 0.5013134606640816 -0.50695960875971
    outer loop
      vertex -4.377396106719971 -10.600340843200684 9.125996589660645
      vertex -4.089770317077637 -11.126968383789062 9.003061294555664
      vertex -4.587502956390381 -10.778874397277832 8.658843994140625
    endloop
  endfacet
  facet normal 0.6943439187899028 0.6001935914369584 -0.39705689168869296
    outer loop
      vertex -4.089770317077637 -11.126968383789062 9.003061294555664
      vertex -5.11647891998291 -11.025117874145508 7.361586570739746
      vertex -4.587502956390381 -10.778874397277832 8.658843994140625
    endloop
  endfacet
  facet normal 0.6943442074749675 0.6001931186043447 -0.39705710159365043
    outer loop
      vertex -4.089770317077637 -12.966836929321289 6.2219085693359375
      vertex -5.11647891998291 -11.025117874145508 7.361586570739746
      vertex -4.089770317077637 -11.126968383789062 9.003061294555664
    endloop
  endfacet
  facet normal 0.6943438604281497 0.6001932101164744 -0.3970575701530146
    outer loop
      vertex -5.11647891998291 -11.025117874145508 7.361586570739746
      vertex -4.089770317077637 -12.966836929321289 6.2219085693359375
      vertex -5.225207805633545 -11.025214195251465 7.171304225921631
    endloop
  endfacet
  facet normal -0.9923046456202206 0.0870642061204468 -0.08804154867529844
    outer loop
      vertex 9.897093772888184 -1.6743278503417969 0.02209644764661789
      vertex 9.862700462341309 -1.625864028930664 0.45766472816467285
      vertex 9.929625511169434 -1.324203372001648 0.0016733030788600445
    endloop
  endfacet
  facet normal -0.9923047843999068 0.08706277439161421 -0.08804140033126033
    outer loop
      vertex 9.862700462341309 -1.625864028930664 0.45766472816467285
      vertex 9.897093772888184 -1.6743278503417969 0.02209644764661789
      vertex 9.835229873657227 -1.915502905845642 0.4808632731437683
    endloop
  endfacet
  facet normal -0.9131040914959822 0.4002981296007134 -0.07747467671095805
    outer loop
      vertex 8.707956314086914 -7.793805122375488 0.7811527252197266
      vertex 8.707956314086914 -7.863386154174805 0.42163968086242676
      vertex 8.446429252624512 -8.45272159576416 0.45896226167678833
    endloop
  endfacet
  facet normal -0.9645416234881659 0.2591221215906433 -0.05015159679588499
    outer loop
      vertex 8.72236442565918 -7.809675693511963 0.4220487177371979
      vertex 8.707956314086914 -7.793805122375488 0.7811527252197266
      vertex 8.856916427612305 -7.313499450683594 0.3979066014289856
    endloop
  endfacet
  facet normal -0.9645408316636027 0.2591250501153635 -0.05015169445189137
    outer loop
      vertex 8.707956314086914 -7.793805122375488 0.7811527252197266
      vertex 8.72236442565918 -7.809675693511963 0.4220487177371979
      vertex 8.707956314086914 -7.863386154174805 0.42163968086242676
    endloop
  endfacet
  facet normal -0.8287121163229813 0.5186739191966555 -0.21027028749841659
    outer loop
      vertex 7.472382545471191 -10.430147171020508 1.7219085693359375
      vertex 7.2265400886535645 -9.987528800964355 3.7826240062713623
      vertex 7.472382545471191 -9.727880477905273 3.454190492630005
    endloop
  endfacet
  facet normal -0.8287120640102653 0.5186739984117518 -0.21027029827203905
    outer loop
      vertex 7.2265400886535645 -9.987528800964355 3.7826240062713623
      vertex 7.472382545471191 -10.430147171020508 1.7219085693359375
      vertex 5.910228729248047 -12.610642433166504 2.5
    endloop
  endfacet
  facet normal -0.825936454846007 0.5534919717871933 -0.10712427233607993
    outer loop
      vertex 7.40681791305542 -10.742515563964844 0.6134653091430664
      vertex 7.472382545471191 -10.430147171020508 1.7219085693359375
      vertex 7.472382545471191 -10.647677421569824 0.5979686379432678
    endloop
  endfacet
  facet normal -0.8259366803459314 0.553491655141638 -0.10712416976440395
    outer loop
      vertex 7.379662990570068 -10.782344818115234 0.6170414090156555
      vertex 7.472382545471191 -10.430147171020508 1.7219085693359375
      vertex 7.40681791305542 -10.742515563964844 0.6134653091430664
    endloop
  endfacet
  facet normal -0.8259362618490971 0.5534922369428747 -0.10712439034464712
    outer loop
      vertex 6.799371719360352 -11.640870094299316 0.6552822589874268
      vertex 7.472382545471191 -10.430147171020508 1.7219085693359375
      vertex 7.379662990570068 -10.782344818115234 0.6170414090156555
    endloop
  endfacet
  facet normal -0.8259363140865607 0.5534921782632264 -0.10712429077727942
    outer loop
      vertex 7.472382545471191 -10.430147171020508 1.7219085693359375
      vertex 6.799371719360352 -11.640870094299316 0.6552822589874268
      vertex 5.910228729248047 -12.610642433166504 2.5
    endloop
  endfacet
  facet normal -0.8328530421340274 0.46162249771557295 -0.3053857884888091
    outer loop
      vertex 5.910228729248047 -11.025818824768066 5.972476005554199
      vertex 6.192908763885498 -10.880009651184082 5.421952247619629
      vertex 5.910228729248047 -11.483162879943848 5.281152725219727
    endloop
  endfacet
  facet normal 0.825936454846007 0.5534919717871933 -0.10712427233607993
    outer loop
      vertex -7.472382545471191 -10.430147171020508 1.7219085693359375
      vertex -7.40681791305542 -10.742515563964844 0.6134653091430664
      vertex -7.472382545471191 -10.647677421569824 0.5979686379432678
    endloop
  endfacet
  facet normal 0.8259366803459314 0.553491655141638 -0.10712416976440395
    outer loop
      vertex -7.472382545471191 -10.430147171020508 1.7219085693359375
      vertex -7.379662990570068 -10.782344818115234 0.6170414090156555
      vertex -7.40681791305542 -10.742515563964844 0.6134653091430664
    endloop
  endfacet
  facet normal 0.8259362618490971 0.5534922369428747 -0.10712439034464712
    outer loop
      vertex -7.472382545471191 -10.430147171020508 1.7219085693359375
      vertex -6.799371719360352 -11.640870094299316 0.6552822589874268
      vertex -7.379662990570068 -10.782344818115234 0.6170414090156555
    endloop
  endfacet
  facet normal 0.8259363140865607 0.5534921782632264 -0.10712429077727942
    outer loop
      vertex -6.799371719360352 -11.640870094299316 0.6552822589874268
      vertex -7.472382545471191 -10.430147171020508 1.7219085693359375
      vertex -5.910228729248047 -12.610642433166504 2.5
    endloop
  endfacet
  facet normal 0.4970710071452907 0.2916236272753109 -0.8172368529810417
    outer loop
      vertex -2.512850284576416 -5.800873756408691 14.084481239318848
      vertex -2.0905685424804688 -6.520650863647461 14.084481239318848
      vertex -2.641674280166626 -6.4019341468811035 13.791643142700195
    endloop
  endfacet
  facet normal -0.1837283612324084 0.11271703568981688 -0.9764930922152772
    outer loop
      vertex 0 0 16
      vertex 2.0905685424804688 -3.333162307739258 15.221908569335938
      vertex 0 -3.4076271057128906 15.606656074523926
    endloop
  endfacet
  facet normal -0.183728779863868 0.11271676210783878 -0.9764930450288212
    outer loop
      vertex 2.0905685424804688 0 15.606656074523926
      vertex 2.0905685424804688 -3.333162307739258 15.221908569335938
      vertex 0 0 16
    endloop
  endfacet
  facet normal -0.9920081148431504 0.10523149291687778 -0.06961489053230033
    outer loop
      vertex 9.821802139282227 -2.4133567810058594 0.07471419125795364
      vertex 9.77400016784668 -2.5610907077789307 0.5325714349746704
      vertex 9.86050796508789 -2.068094253540039 0.04506533220410347
    endloop
  endfacet
  facet normal -0.9920075195753439 0.10523867925469113 -0.06961250961358838
    outer loop
      vertex 9.821802139282227 -2.4133567810058594 0.07471419125795364
      vertex 9.76627254486084 -2.629992723464966 0.5385287404060364
      vertex 9.77400016784668 -2.5610907077789307 0.5325714349746704
    endloop
  endfacet
  facet normal -0.9920082128908527 0.10522914176801436 -0.06961704733658088
    outer loop
      vertex 9.76627254486084 -2.629992723464966 0.5385287404060364
      vertex 9.821802139282227 -2.4133567810058594 0.07471419125795364
      vertex 9.745766639709473 -2.8100473880767822 0.5585673451423645
    endloop
  endfacet
  facet normal -0.9928107536828856 0.040228077184791905 -0.11273202374496297
    outer loop
      vertex 9.956592559814453 -0.7321973443031311 0.08850595355033875
      vertex 9.932003021240234 -0.4646068811416626 0.4005504548549652
      vertex 9.97867202758789 -0.3901989459991455 0.016097113490104675
    endloop
  endfacet
  facet normal -0.9928109056687751 0.04022696510153672 -0.11273108206642285
    outer loop
      vertex 9.932003021240234 -0.4646068811416626 0.4005504548549652
      vertex 9.956592559814453 -0.7321973443031311 0.08850595355033875
      vertex 9.918819427490234 -0.7629826664924622 0.4101845622062683
    endloop
  endfacet
  facet normal 0.9131040914959822 0.4002981296007134 -0.07747467671095805
    outer loop
      vertex -8.707956314086914 -7.793805122375488 0.7811527252197266
      vertex -8.446429252624512 -8.45272159576416 0.45896226167678833
      vertex -8.707956314086914 -7.863386154174805 0.42163968086242676
    endloop
  endfacet
  facet normal 0.9923046456202206 0.0870642061204468 -0.08804154867529844
    outer loop
      vertex -9.862700462341309 -1.625864028930664 0.45766472816467285
      vertex -9.897093772888184 -1.6743278503417969 0.02209644764661789
      vertex -9.929625511169434 -1.324203372001648 0.0016733030788600445
    endloop
  endfacet
  facet normal 0.9923047843999068 0.08706277439161421 -0.08804140033126033
    outer loop
      vertex -9.897093772888184 -1.6743278503417969 0.02209644764661789
      vertex -9.862700462341309 -1.625864028930664 0.45766472816467285
      vertex -9.835229873657227 -1.915502905845642 0.4808632731437683
    endloop
  endfacet
  facet normal 0.4842592829585205 0.6151913683874565 -0.6221193833421913
    outer loop
      vertex -2.0905685424804688 -9.423154830932617 12.244084358215332
      vertex -3.647287607192993 -9.80048942565918 10.659197807312012
      vertex -3.3673532009124756 -9.025688171386719 11.643272399902344
    endloop
  endfacet
  facet normal 0.4842782614485966 0.6151641340362503 -0.6221315404990773
    outer loop
      vertex -2.0905685424804688 -9.423154830932617 12.244084358215332
      vertex -3.653200387954712 -9.816855430603027 10.638412475585938
      vertex -3.647287607192993 -9.80048942565918 10.659197807312012
    endloop
  endfacet
  facet normal 0.4842450747558835 0.6152112389660959 -0.6221107932068614
    outer loop
      vertex -2.0905685424804688 -9.423154830932617 12.244084358215332
      vertex -3.656996250152588 -9.823062896728516 10.629319190979004
      vertex -3.653200387954712 -9.816855430603027 10.638412475585938
    endloop
  endfacet
  facet normal 0.4842588946730834 0.6151916977347935 -0.6221193599046617
    outer loop
      vertex -4.089770317077637 -11.126968383789062 9.003061294555664
      vertex -3.656996250152588 -9.823062896728516 10.629319190979004
      vertex -2.0905685424804688 -9.423154830932617 12.244084358215332
    endloop
  endfacet
  facet normal 0.4842590124890587 0.615191629010494 -0.6221193361554811
    outer loop
      vertex -3.656996250152588 -9.823062896728516 10.629319190979004
      vertex -4.089770317077637 -11.126968383789062 9.003061294555664
      vertex -4.089770317077637 -10.355937957763672 9.76550579071045
    endloop
  endfacet
  facet normal 0.7011971444434761 0.501313546833178 -0.5069588665620259
    outer loop
      vertex -4.089770317077637 -10.355937957763672 9.76550579071045
      vertex -4.089770317077637 -11.126968383789062 9.003061294555664
      vertex -4.377396106719971 -10.600340843200684 9.125996589660645
    endloop
  endfacet
  facet normal -0.9928107975568222 0.04023065956502528 -0.11273071580341144
    outer loop
      vertex 9.948507308959961 -0.8574289083480835 0.115020252764225
      vertex 9.918819427490234 -0.7629826664924622 0.4101845622062683
      vertex 9.956592559814453 -0.7321973443031311 0.08850595355033875
    endloop
  endfacet
  facet normal -0.9928107145270119 0.04023175224407536 -0.11273105708603758
    outer loop
      vertex 9.948507308959961 -0.8574289083480835 0.115020252764225
      vertex 9.912981033325195 -0.8951047658920288 0.41445061564445496
      vertex 9.918819427490234 -0.7629826664924622 0.4101845622062683
    endloop
  endfacet
  facet normal -0.9928108251256021 0.04022747956379425 -0.11273160781859529
    outer loop
      vertex 9.912981033325195 -0.8951047658920288 0.41445061564445496
      vertex 9.948507308959961 -0.8574289083480835 0.115020252764225
      vertex 9.909233093261719 -0.9799284338951111 0.41718944907188416
    endloop
  endfacet
  facet normal -0.9925888337718012 0.06507127313623899 -0.10263106977891509
    outer loop
      vertex 9.94384479522705 -0.9897915124893188 0.07619142532348633
      vertex 9.909233093261719 -0.9799284338951111 0.41718944907188416
      vertex 9.948507308959961 -0.8574289083480835 0.115020252764225
    endloop
  endfacet
  facet normal -0.9925885732890829 0.06507511292356033 -0.10263115440220295
    outer loop
      vertex 9.94384479522705 -0.9897915124893188 0.07619142532348633
      vertex 9.895018577575684 -1.1832153797149658 0.4257662296295166
      vertex 9.909233093261719 -0.9799284338951111 0.41718944907188416
    endloop
  endfacet
  facet normal -0.9925886125171122 0.06507034529768643 -0.10263379786500097
    outer loop
      vertex 9.895018577575684 -1.1832153797149658 0.4257662296295166
      vertex 9.94384479522705 -0.9897915124893188 0.07619142532348633
      vertex 9.887788772583008 -1.2822436094284058 0.4329024851322174
    endloop
  endfacet
  facet normal -0.9147053366544767 0.3745159711515853 -0.15182863513911152
    outer loop
      vertex 8.707956314086914 -7.793805122375488 0.7811527252197266
      vertex 8.27873420715332 -8.254881858825684 2.229701280593872
      vertex 8.707956314086914 -7.3837456703186035 1.792647123336792
    endloop
  endfacet
  facet normal -0.914705331351348 0.3745159867541583 -0.15182862860139246
    outer loop
      vertex 8.27873420715332 -8.254881858825684 2.229701280593872
      vertex 8.707956314086914 -7.793805122375488 0.7811527252197266
      vertex 7.472382545471191 -10.430147171020508 1.7219085693359375
    endloop
  endfacet
  facet normal -0.9131041007234538 0.40029811555963407 -0.07747464050525563
    outer loop
      vertex 8.446429252624512 -8.45272159576416 0.45896226167678833
      vertex 7.472382545471191 -10.430147171020508 1.7219085693359375
      vertex 8.707956314086914 -7.793805122375488 0.7811527252197266
    endloop
  endfacet
  facet normal -0.913104114539668 0.40029806738229823 -0.0774747265934237
    outer loop
      vertex 7.472382545471191 -10.430147171020508 1.7219085693359375
      vertex 8.446429252624512 -8.45272159576416 0.45896226167678833
      vertex 7.472382545471191 -10.647677421569824 0.5979686379432678
    endloop
  endfacet
  facet normal -0.8328531341240656 0.46162248629431796 -0.30538555487641145
    outer loop
      vertex 6.390230655670166 -10.778228759765625 5.037664890289307
      vertex 5.910228729248047 -11.483162879943848 5.281152725219727
      vertex 6.192908763885498 -10.880009651184082 5.421952247619629
    endloop
  endfacet
  facet normal -0.832853341353537 0.4616231900577635 -0.3053839258984384
    outer loop
      vertex 5.910228729248047 -11.483162879943848 5.281152725219727
      vertex 6.390230655670166 -10.778228759765625 5.037664890289307
      vertex 6.532756328582764 -10.691911697387695 4.779442310333252
    endloop
  endfacet
  facet normal -0.9923048200380971 0.08706189679749352 -0.08804186649079125
    outer loop
      vertex 9.86050796508789 -2.068094253540039 0.04506533220410347
      vertex 9.835229873657227 -1.915502905845642 0.4808632731437683
      vertex 9.897093772888184 -1.6743278503417969 0.02209644764661789
    endloop
  endfacet
  facet normal -0.9923046964304272 0.08706294258644011 -0.08804222549611021
    outer loop
      vertex 9.86050796508789 -2.068094253540039 0.04506533220410347
      vertex 9.79050064086914 -2.38710880279541 0.5186364054679871
      vertex 9.835229873657227 -1.915502905845642 0.4808632731437683
    endloop
  endfacet
  facet normal -0.9923048220338044 0.08705839245697479 -0.08804530919513498
    outer loop
      vertex 9.79050064086914 -2.38710880279541 0.5186364054679871
      vertex 9.86050796508789 -2.068094253540039 0.04506533220410347
      vertex 9.77400016784668 -2.5610907077789307 0.5325714349746704
    endloop
  endfacet
  facet normal 0.9917498347871879 0.11879857677146557 -0.04815769260107497
    outer loop
      vertex -9.576539039611816 -4.295938968658447 0.7239353060722351
      vertex -9.681574821472168 -3.6379175186157227 0.18410031497478485
      vertex -9.710458755493164 -3.40655779838562 0.16000382602214813
    endloop
  endfacet
  facet normal 0.9917495091983599 0.11880399988245113 -0.04815101885466915
    outer loop
      vertex -9.681574821472168 -3.6379175186157227 0.18410031497478485
      vertex -9.576539039611816 -4.295938968658447 0.7239353060722351
      vertex -9.573823928833008 -4.317593574523926 0.7264286279678345
    endloop
  endfacet
  facet normal 0.9923048200380971 0.08706189679749352 -0.08804186649079125
    outer loop
      vertex -9.835229873657227 -1.915502905845642 0.4808632731437683
      vertex -9.86050796508789 -2.068094253540039 0.04506533220410347
      vertex -9.897093772888184 -1.6743278503417969 0.02209644764661789
    endloop
  endfacet
  facet normal 0.9923046964304272 0.08706294258644011 -0.08804222549611021
    outer loop
      vertex -9.79050064086914 -2.38710880279541 0.5186364054679871
      vertex -9.86050796508789 -2.068094253540039 0.04506533220410347
      vertex -9.835229873657227 -1.915502905845642 0.4808632731437683
    endloop
  endfacet
  facet normal 0.9923048220338044 0.08705839245697479 -0.08804530919513498
    outer loop
      vertex -9.86050796508789 -2.068094253540039 0.04506533220410347
      vertex -9.79050064086914 -2.38710880279541 0.5186364054679871
      vertex -9.77400016784668 -2.5610907077789307 0.5325714349746704
    endloop
  endfacet
  facet normal -0.9929320334274983 0.0136221979171922 -0.11790001152433457
    outer loop
      vertex 9.98280143737793 -0.04143702611327171 0.021571889519691467
      vertex 9.939558982849121 0 0.3905394673347473
      vertex 9.983041763305664 0 0.024335553869605064
    endloop
  endfacet
  facet normal -0.9929325224409569 0.013603864730702091 -0.11789800992140388
    outer loop
      vertex 9.939558982849121 0 0.3905394673347473
      vertex 9.98280143737793 -0.04143702611327171 0.021571889519691467
      vertex 9.937094688415527 -0.1515635848045349 0.39380523562431335
    endloop
  endfacet
  facet normal -0.9929325524522873 0.013605285760164874 -0.11789759318989443
    outer loop
      vertex 9.982059478759766 -0.16973842680454254 0.013014782220125198
      vertex 9.937094688415527 -0.1515635848045349 0.39380523562431335
      vertex 9.98280143737793 -0.04143702611327171 0.021571889519691467
    endloop
  endfacet
  facet normal -0.9929334399028975 0.013608505964870976 -0.11788974717083467
    outer loop
      vertex 9.97867202758789 -0.3901989459991455 0.016097113490104675
      vertex 9.982059478759766 -0.16973842680454254 0.013014782220125198
      vertex 9.98093032836914 -0.3648723065853119 0
    endloop
  endfacet
  facet normal -0.9929324933474922 0.013608379755841426 -0.11789773388472377
    outer loop
      vertex 9.982059478759766 -0.16973842680454254 0.013014782220125198
      vertex 9.97867202758789 -0.3901989459991455 0.016097113490104675
      vertex 9.937094688415527 -0.1515635848045349 0.39380523562431335
    endloop
  endfacet
  facet normal -0.9929323765519338 0.013609713354064492 -0.11789856359323872
    outer loop
      vertex 9.937094688415527 -0.1515635848045349 0.39380523562431335
      vertex 9.97867202758789 -0.3901989459991455 0.016097113490104675
      vertex 9.932003021240234 -0.4646068811416626 0.4005504548549652
    endloop
  endfacet
  facet normal 0.9147056892342846 0.3745157515400807 -0.15182705269747154
    outer loop
      vertex -8.184478759765625 -8.44618034362793 2.325676918029785
      vertex -7.472382545471191 -10.430147171020508 1.7219085693359375
      vertex -8.27873420715332 -8.254881858825684 2.229701280593872
    endloop
  endfacet
  facet normal 0.9147052679417674 0.3745161063737521 -0.15182871555217753
    outer loop
      vertex -7.852726936340332 -9.043299674987793 2.8514294624328613
      vertex -7.472382545471191 -10.430147171020508 1.7219085693359375
      vertex -8.184478759765625 -8.44618034362793 2.325676918029785
    endloop
  endfacet
  facet normal 0.9147052505993728 0.37451613307303033 -0.15182875417378247
    outer loop
      vertex -7.472382545471191 -10.430147171020508 1.7219085693359375
      vertex -7.852726936340332 -9.043299674987793 2.8514294624328613
      vertex -7.472382545471191 -9.727880477905273 3.454190492630005
    endloop
  endfacet
  facet normal 0.9131041007234538 0.40029811555963407 -0.07747464050525563
    outer loop
      vertex -7.472382545471191 -10.430147171020508 1.7219085693359375
      vertex -8.446429252624512 -8.45272159576416 0.45896226167678833
      vertex -8.707956314086914 -7.793805122375488 0.7811527252197266
    endloop
  endfacet
  facet normal 0.913104114539668 0.40029806738229823 -0.0774747265934237
    outer loop
      vertex -8.446429252624512 -8.45272159576416 0.45896226167678833
      vertex -7.472382545471191 -10.430147171020508 1.7219085693359375
      vertex -7.472382545471191 -10.647677421569824 0.5979686379432678
    endloop
  endfacet
  facet normal -0.9925887309298873 0.06507660897137015 -0.10262868115582151
    outer loop
      vertex 9.934694290161133 -1.2495179176330566 0
      vertex 9.887788772583008 -1.2822436094284058 0.4329024851322174
      vertex 9.94384479522705 -0.9897915124893188 0.07619142532348633
    endloop
  endfacet
  facet normal -0.9925893352928755 0.06506602489918763 -0.10262954675270723
    outer loop
      vertex 9.929625511169434 -1.324203372001648 0.0016733030788600445
      vertex 9.887788772583008 -1.2822436094284058 0.4329024851322174
      vertex 9.934694290161133 -1.2495179176330566 0
    endloop
  endfacet
  facet normal -0.9925886815045175 0.06507475768451955 -0.10263033304742154
    outer loop
      vertex 9.887788772583008 -1.2822436094284058 0.4329024851322174
      vertex 9.929625511169434 -1.324203372001648 0.0016733030788600445
      vertex 9.862700462341309 -1.625864028930664 0.45766472816467285
    endloop
  endfacet
  facet normal -0.7011966694467423 0.5013134606640816 -0.50695960875971
    outer loop
      vertex 4.377396106719971 -10.600340843200684 9.125996589660645
      vertex 4.587502956390381 -10.778874397277832 8.658843994140625
      vertex 4.089770317077637 -11.126968383789062 9.003061294555664
    endloop
  endfacet
  facet normal -0.6943439187899028 0.6001935914369584 -0.39705689168869296
    outer loop
      vertex 5.11647891998291 -11.025117874145508 7.361586570739746
      vertex 4.089770317077637 -11.126968383789062 9.003061294555664
      vertex 4.587502956390381 -10.778874397277832 8.658843994140625
    endloop
  endfacet
  facet normal -0.6943438604281497 0.6001932101164744 -0.3970575701530146
    outer loop
      vertex 4.089770317077637 -12.966836929321289 6.2219085693359375
      vertex 5.11647891998291 -11.025117874145508 7.361586570739746
      vertex 5.225207805633545 -11.025214195251465 7.171304225921631
    endloop
  endfacet
  facet normal -0.6943442074749675 0.6001931186043447 -0.39705710159365043
    outer loop
      vertex 5.11647891998291 -11.025117874145508 7.361586570739746
      vertex 4.089770317077637 -12.966836929321289 6.2219085693359375
      vertex 4.089770317077637 -11.126968383789062 9.003061294555664
    endloop
  endfacet
  facet normal -0.9920078948613326 0.10523576502236764 -0.06961156723522707
    outer loop
      vertex 9.821802139282227 -2.4133567810058594 0.07471419125795364
      vertex 9.74260425567627 -2.83781361579895 0.5616574883460999
      vertex 9.745766639709473 -2.8100473880767822 0.5585673451423645
    endloop
  endfacet
  facet normal -0.9920080823692156 0.1052315423874363 -0.06961527850201266
    outer loop
      vertex 9.710458755493164 -3.40655779838562 0.16000382602214813
      vertex 9.74260425567627 -2.83781361579895 0.5616574883460999
      vertex 9.821802139282227 -2.4133567810058594 0.07471419125795364
    endloop
  endfacet
  facet normal -0.992008053479999 0.10523168221245609 -0.06961547880723191
    outer loop
      vertex 9.74260425567627 -2.83781361579895 0.5616574883460999
      vertex 9.710458755493164 -3.40655779838562 0.16000382602214813
      vertex 9.576539039611816 -4.295938968658447 0.7239353060722351
    endloop
  endfacet
  facet normal 0.9652493714537225 0.24218521198788132 -0.0981833692769748
    outer loop
      vertex -9.07210636138916 -6.125849723815918 1.31548273563385
      vertex -9.355846405029297 -5.401155471801758 0.3135852813720703
      vertex -9.384910583496094 -5.2916436195373535 0.29798153042793274
    endloop
  endfacet
  facet normal 0.9652490563153436 0.24218704030174834 -0.09818195756969711
    outer loop
      vertex -9.07210636138916 -6.125849723815918 1.31548273563385
      vertex -9.043331146240234 -6.626077175140381 0.36445915699005127
      vertex -9.355846405029297 -5.401155471801758 0.3135852813720703
    endloop
  endfacet
  facet normal 0.9652488559635071 0.2421876964436966 -0.0981823087548719
    outer loop
      vertex -8.807699203491211 -7.039198875427246 1.6619482040405273
      vertex -9.043331146240234 -6.626077175140381 0.36445915699005127
      vertex -9.07210636138916 -6.125849723815918 1.31548273563385
    endloop
  endfacet
  facet normal 0.9652492685155879 0.24218611258518308 -0.09818215978984932
    outer loop
      vertex -8.707956314086914 -7.793805122375488 0.7811527252197266
      vertex -8.807699203491211 -7.039198875427246 1.6619482040405273
      vertex -8.707956314086914 -7.3837456703186035 1.792647123336792
    endloop
  endfacet
  facet normal 0.9652490733439753 0.2421866832803562 -0.09818267082462882
    outer loop
      vertex -8.807699203491211 -7.039198875427246 1.6619482040405273
      vertex -8.707956314086914 -7.793805122375488 0.7811527252197266
      vertex -9.043331146240234 -6.626077175140381 0.36445915699005127
    endloop
  endfacet
  facet normal 0.9147053366544767 0.3745159711515853 -0.15182863513911152
    outer loop
      vertex -8.27873420715332 -8.254881858825684 2.229701280593872
      vertex -8.707956314086914 -7.793805122375488 0.7811527252197266
      vertex -8.707956314086914 -7.3837456703186035 1.792647123336792
    endloop
  endfacet
  facet normal 0.914705331351348 0.3745159867541583 -0.15182862860139246
    outer loop
      vertex -8.707956314086914 -7.793805122375488 0.7811527252197266
      vertex -8.27873420715332 -8.254881858825684 2.229701280593872
      vertex -7.472382545471191 -10.430147171020508 1.7219085693359375
    endloop
  endfacet
  facet normal 0.9652486312899768 0.24218827640066043 -0.09818308696972015
    outer loop
      vertex -9.480328559875488 -4.713228702545166 0.7866859436035156
      vertex -9.56295108795166 -4.620804786682129 0.20239698886871338
      vertex -9.56295108795166 -4.4043145179748535 0.7364136576652527
    endloop
  endfacet
  facet normal 0.9652491765158525 0.2421859210788077 -0.09818353663765729
    outer loop
      vertex -9.480328559875488 -4.713228702545166 0.7866859436035156
      vertex -9.477612495422363 -4.94235372543335 0.2482130229473114
      vertex -9.56295108795166 -4.620804786682129 0.20239698886871338
    endloop
  endfacet
  facet normal 0.9652493278889672 0.24218540679519157 -0.09818331704187092
    outer loop
      vertex -9.398519515991211 -4.998306751251221 0.8877660632133484
      vertex -9.477612495422363 -4.94235372543335 0.2482130229473114
      vertex -9.480328559875488 -4.713228702545166 0.7866859436035156
    endloop
  endfacet
  facet normal 0.965248604953312 0.24218843162270812 -0.09818296300182609
    outer loop
      vertex -9.398519515991211 -4.998306751251221 0.8877660632133484
      vertex -9.384910583496094 -5.2916436195373535 0.29798153042793274
      vertex -9.477612495422363 -4.94235372543335 0.2482130229473114
    endloop
  endfacet
  facet normal 0.9652491314868862 0.24218668932575146 -0.09818208429873378
    outer loop
      vertex -9.384910583496094 -5.2916436195373535 0.29798153042793274
      vertex -9.398519515991211 -4.998306751251221 0.8877660632133484
      vertex -9.07210636138916 -6.125849723815918 1.31548273563385
    endloop
  endfacet
  facet normal 0.9917499226657991 0.11879691661393475 -0.048159978149947304
    outer loop
      vertex -9.573823928833008 -4.317593574523926 0.7264286279678345
      vertex -9.622254371643066 -4.113078594207764 0.23358914256095886
      vertex -9.681574821472168 -3.6379175186157227 0.18410031497478485
    endloop
  endfacet
  facet normal 0.9917497934703753 0.11879774819693181 -0.04816058735944026
    outer loop
      vertex -9.56295108795166 -4.620804786682129 0.20239698886871338
      vertex -9.573823928833008 -4.317593574523926 0.7264286279678345
      vertex -9.56295108795166 -4.4043145179748535 0.7364136576652527
    endloop
  endfacet
  facet normal 0.991749935030419 0.11879679192100866 -0.04816003110916853
    outer loop
      vertex -9.573823928833008 -4.317593574523926 0.7264286279678345
      vertex -9.56295108795166 -4.620804786682129 0.20239698886871338
      vertex -9.622254371643066 -4.113078594207764 0.23358914256095886
    endloop
  endfacet
  facet normal 0.9645413319315254 0.2591235833515466 -0.05014965151238047
    outer loop
      vertex -8.707956314086914 -7.793805122375488 0.7811527252197266
      vertex -8.856916427612305 -7.313499450683594 0.3979066014289856
      vertex -9.043331146240234 -6.626077175140381 0.36445915699005127
    endloop
  endfacet
  facet normal 0.9645416234881659 0.2591221215906433 -0.05015159679588499
    outer loop
      vertex -8.707956314086914 -7.793805122375488 0.7811527252197266
      vertex -8.72236442565918 -7.809675693511963 0.4220487177371979
      vertex -8.856916427612305 -7.313499450683594 0.3979066014289856
    endloop
  endfacet
  facet normal 0.9645408316636027 0.2591250501153635 -0.05015169445189137
    outer loop
      vertex -8.72236442565918 -7.809675693511963 0.4220487177371979
      vertex -8.707956314086914 -7.793805122375488 0.7811527252197266
      vertex -8.707956314086914 -7.863386154174805 0.42163968086242676
    endloop
  endfacet
  facet normal 0.9925887309298873 0.06507660897137015 -0.10262868115582151
    outer loop
      vertex -9.887788772583008 -1.2822436094284058 0.4329024851322174
      vertex -9.934694290161133 -1.2495179176330566 0
      vertex -9.94384479522705 -0.9897915124893188 0.07619142532348633
    endloop
  endfacet
  facet normal 0.9925893352928755 0.06506602489918763 -0.10262954675270723
    outer loop
      vertex -9.887788772583008 -1.2822436094284058 0.4329024851322174
      vertex -9.929625511169434 -1.324203372001648 0.0016733030788600445
      vertex -9.934694290161133 -1.2495179176330566 0
    endloop
  endfacet
  facet normal 0.9925886815045175 0.06507475768451955 -0.10263033304742154
    outer loop
      vertex -9.929625511169434 -1.324203372001648 0.0016733030788600445
      vertex -9.887788772583008 -1.2822436094284058 0.4329024851322174
      vertex -9.862700462341309 -1.625864028930664 0.45766472816467285
    endloop
  endfacet
  facet normal -0.9652486312899768 0.24218827640066043 -0.09818308696972015
    outer loop
      vertex 9.56295108795166 -4.620804786682129 0.20239698886871338
      vertex 9.480328559875488 -4.713228702545166 0.7866859436035156
      vertex 9.56295108795166 -4.4043145179748535 0.7364136576652527
    endloop
  endfacet
  facet normal -0.9652491765158525 0.2421859210788077 -0.09818353663765729
    outer loop
      vertex 9.477612495422363 -4.94235372543335 0.2482130229473114
      vertex 9.480328559875488 -4.713228702545166 0.7866859436035156
      vertex 9.56295108795166 -4.620804786682129 0.20239698886871338
    endloop
  endfacet
  facet normal -0.9652493278889672 0.24218540679519157 -0.09818331704187092
    outer loop
      vertex 9.477612495422363 -4.94235372543335 0.2482130229473114
      vertex 9.398519515991211 -4.998306751251221 0.8877660632133484
      vertex 9.480328559875488 -4.713228702545166 0.7866859436035156
    endloop
  endfacet
  facet normal -0.965248604953312 0.24218843162270812 -0.09818296300182609
    outer loop
      vertex 9.384910583496094 -5.2916436195373535 0.29798153042793274
      vertex 9.398519515991211 -4.998306751251221 0.8877660632133484
      vertex 9.477612495422363 -4.94235372543335 0.2482130229473114
    endloop
  endfacet
  facet normal -0.9652491314868862 0.24218668932575146 -0.09818208429873378
    outer loop
      vertex 9.398519515991211 -4.998306751251221 0.8877660632133484
      vertex 9.384910583496094 -5.2916436195373535 0.29798153042793274
      vertex 9.07210636138916 -6.125849723815918 1.31548273563385
    endloop
  endfacet
  facet normal 0.9928107975568222 0.04023065956502528 -0.11273071580341144
    outer loop
      vertex -9.918819427490234 -0.7629826664924622 0.4101845622062683
      vertex -9.948507308959961 -0.8574289083480835 0.115020252764225
      vertex -9.956592559814453 -0.7321973443031311 0.08850595355033875
    endloop
  endfacet
  facet normal 0.9928107145270119 0.04023175224407536 -0.11273105708603758
    outer loop
      vertex -9.912981033325195 -0.8951047658920288 0.41445061564445496
      vertex -9.948507308959961 -0.8574289083480835 0.115020252764225
      vertex -9.918819427490234 -0.7629826664924622 0.4101845622062683
    endloop
  endfacet
  facet normal 0.9928108251256021 0.04022747956379425 -0.11273160781859529
    outer loop
      vertex -9.948507308959961 -0.8574289083480835 0.115020252764225
      vertex -9.912981033325195 -0.8951047658920288 0.41445061564445496
      vertex -9.909233093261719 -0.9799284338951111 0.41718944907188416
    endloop
  endfacet
  facet normal 0.9928107536828856 0.040228077184791905 -0.11273202374496297
    outer loop
      vertex -9.932003021240234 -0.4646068811416626 0.4005504548549652
      vertex -9.956592559814453 -0.7321973443031311 0.08850595355033875
      vertex -9.97867202758789 -0.3901989459991455 0.016097113490104675
    endloop
  endfacet
  facet normal 0.9928109056687751 0.04022696510153672 -0.11273108206642285
    outer loop
      vertex -9.956592559814453 -0.7321973443031311 0.08850595355033875
      vertex -9.932003021240234 -0.4646068811416626 0.4005504548549652
      vertex -9.918819427490234 -0.7629826664924622 0.4101845622062683
    endloop
  endfacet
  facet normal 0.9920078948613326 0.10523576502236764 -0.06961156723522707
    outer loop
      vertex -9.74260425567627 -2.83781361579895 0.5616574883460999
      vertex -9.821802139282227 -2.4133567810058594 0.07471419125795364
      vertex -9.745766639709473 -2.8100473880767822 0.5585673451423645
    endloop
  endfacet
  facet normal 0.9920080823692156 0.1052315423874363 -0.06961527850201266
    outer loop
      vertex -9.74260425567627 -2.83781361579895 0.5616574883460999
      vertex -9.710458755493164 -3.40655779838562 0.16000382602214813
      vertex -9.821802139282227 -2.4133567810058594 0.07471419125795364
    endloop
  endfacet
  facet normal 0.992008053479999 0.10523168221245609 -0.06961547880723191
    outer loop
      vertex -9.710458755493164 -3.40655779838562 0.16000382602214813
      vertex -9.74260425567627 -2.83781361579895 0.5616574883460999
      vertex -9.576539039611816 -4.295938968658447 0.7239353060722351
    endloop
  endfacet
  facet normal -0.9917498347871879 0.11879857677146557 -0.04815769260107497
    outer loop
      vertex 9.681574821472168 -3.6379175186157227 0.18410031497478485
      vertex 9.576539039611816 -4.295938968658447 0.7239353060722351
      vertex 9.710458755493164 -3.40655779838562 0.16000382602214813
    endloop
  endfacet
  facet normal -0.9917495091983599 0.11880399988245113 -0.04815101885466915
    outer loop
      vertex 9.576539039611816 -4.295938968658447 0.7239353060722351
      vertex 9.681574821472168 -3.6379175186157227 0.18410031497478485
      vertex 9.573823928833008 -4.317593574523926 0.7264286279678345
    endloop
  endfacet
  facet normal -0.9917499226657991 0.11879691661393475 -0.048159978149947304
    outer loop
      vertex 9.622254371643066 -4.113078594207764 0.23358914256095886
      vertex 9.573823928833008 -4.317593574523926 0.7264286279678345
      vertex 9.681574821472168 -3.6379175186157227 0.18410031497478485
    endloop
  endfacet
  facet normal -0.991749935030419 0.11879679192100866 -0.04816003110916853
    outer loop
      vertex 9.56295108795166 -4.620804786682129 0.20239698886871338
      vertex 9.573823928833008 -4.317593574523926 0.7264286279678345
      vertex 9.622254371643066 -4.113078594207764 0.23358914256095886
    endloop
  endfacet
  facet normal -0.9917497934703753 0.11879774819693181 -0.04816058735944026
    outer loop
      vertex 9.573823928833008 -4.317593574523926 0.7264286279678345
      vertex 9.56295108795166 -4.620804786682129 0.20239698886871338
      vertex 9.56295108795166 -4.4043145179748535 0.7364136576652527
    endloop
  endfacet
  facet normal -0.8776762481628877 0.2988342565820446 0.3746765144811909
    outer loop
      vertex -5.557462215423584 -13.851115226745605 8.138947486877441
      vertex -5.454914093017578 -12.575281143188477 7.361586570739746
      vertex -5.918453693389893 -13.936697006225586 7.361586570739746
    endloop
  endfacet
  facet normal -0.8530986475415413 0.18625049405063845 0.4873740360633569
    outer loop
      vertex -6.192908763885498 -10.880009651184082 5.421952247619629
      vertex -5.454914093017578 -12.575281143188477 7.361586570739746
      vertex -5.910228729248047 -11.025818824768066 5.972476005554199
    endloop
  endfacet
  facet normal -0.8530984244898292 0.18625087242075122 0.4873742818978862
    outer loop
      vertex -5.454914093017578 -12.575281143188477 7.361586570739746
      vertex -6.192908763885498 -10.880009651184082 5.421952247619629
      vertex -6.390230655670166 -10.778228759765625 5.037664890289307
    endloop
  endfacet
  facet normal -0.853098570246205 0.18625060131194057 0.48737413037093125
    outer loop
      vertex -5.579479217529297 -11.025527000427246 6.551307678222656
      vertex -5.910228729248047 -11.025818824768066 5.972476005554199
      vertex -5.454914093017578 -12.575281143188477 7.361586570739746
    endloop
  endfacet
  facet normal -0.9749197374555106 0.2128488483317245 0.0650144082764485
    outer loop
      vertex -3.062333822250366 -10.523219108581543 14.271710395812988
      vertex -3.064176559448242 -10.521049499511719 14.236974716186523
      vertex -3.0682852268218994 -10.545453071594238 14.255257606506348
    endloop
  endfacet
  facet normal -0.9907387963774044 0.12172608650145253 0.06016142632694881
    outer loop
      vertex -2.4227547645568848 -6.400841236114502 16.463146209716797
      vertex -2.429515838623047 -5.379597187042236 14.285496711730957
      vertex -2.435718297958374 -5.420926094055176 14.266976356506348
    endloop
  endfacet
  facet normal -0.9907383753497221 0.12172886896744833 0.06016272990231447
    outer loop
      vertex -2.429515838623047 -5.379597187042236 14.285496711730957
      vertex -2.4227547645568848 -6.400841236114502 16.463146209716797
      vertex -2.2846839427948 -5.461007595062256 16.835256576538086
    endloop
  endfacet
  facet normal -0.99073839477816 0.12172876550153648 0.06016261930689924
    outer loop
      vertex -2.4227547645568848 -6.400841236114502 16.463146209716797
      vertex -2.435718297958374 -5.420926094055176 14.266976356506348
      vertex -2.625295639038086 -7.779518127441406 15.917285919189453
    endloop
  endfacet
  facet normal -0.9907381069161416 0.1217301289445451 0.060164600982342505
    outer loop
      vertex -2.4457662105560303 -5.487875938415527 14.236974716186523
      vertex -2.625295639038086 -7.779518127441406 15.917285919189453
      vertex -2.435718297958374 -5.420926094055176 14.266976356506348
    endloop
  endfacet
  facet normal -0.9907383911184618 0.12172875618609574 0.06016269842176188
    outer loop
      vertex -2.4457662105560303 -5.487875938415527 14.236974716186523
      vertex -2.715446949005127 -8.393169403076172 15.674322128295898
      vertex -2.625295639038086 -7.779518127441406 15.917285919189453
    endloop
  endfacet
  facet normal -0.9907383041835145 0.12172910610770699 0.0601634220252848
    outer loop
      vertex -2.4457662105560303 -5.487875938415527 14.236974716186523
      vertex -2.7984724044799805 -8.902983665466309 15.338615417480469
      vertex -2.715446949005127 -8.393169403076172 15.674322128295898
    endloop
  endfacet
  facet normal -0.9907383586761384 0.12172893436171708 0.06016287216275481
    outer loop
      vertex -3.064176559448242 -10.521049499511719 14.236974716186523
      vertex -2.7984724044799805 -8.902983665466309 15.338615417480469
      vertex -2.4457662105560303 -5.487875938415527 14.236974716186523
    endloop
  endfacet
  facet normal -0.9907383439935292 0.121729376748738 0.06016221885305647
    outer loop
      vertex -2.7984724044799805 -8.902983665466309 15.338615417480469
      vertex -3.064176559448242 -10.521049499511719 14.236974716186523
      vertex -3.062333822250366 -10.523219108581543 14.271710395812988
    endloop
  endfacet
  facet normal -0.9975332007648391 0.03964639952978966 0.057928200180736814
    outer loop
      vertex -2.4193122386932373 -5.2168121337890625 14.349791526794434
      vertex -2.058640718460083 -0.8799759149551392 17.592458724975586
      vertex -2.049268960952759 -0.6560224294662476 17.600566864013672
    endloop
  endfacet
  facet normal -0.9975332006664852 0.039646397157237646 0.05792820349819635
    outer loop
      vertex -2.4193122386932373 -5.2168121337890625 14.349791526794434
      vertex -2.049268960952759 -0.6560224294662476 17.600566864013672
      vertex -2.045510768890381 -0.5662150979042053 17.603818893432617
    endloop
  endfacet
  facet normal -0.9975332098414326 0.03964664042701574 0.057927879007430204
    outer loop
      vertex -2.058640718460083 -0.8799759149551392 17.592458724975586
      vertex -2.4193122386932373 -5.2168121337890625 14.349791526794434
      vertex -2.094006299972534 -1.6811988353729248 17.531822204589844
    endloop
  endfacet
  facet normal -0.9975331989846552 0.03964619969435348 0.05792836760375281
    outer loop
      vertex -2.094006299972534 -1.6811988353729248 17.531822204589844
      vertex -2.4193122386932373 -5.2168121337890625 14.349791526794434
      vertex -2.102907657623291 -1.8828641176223755 17.516559600830078
    endloop
  endfacet
  facet normal -0.9975332137703584 0.03964689487208391 0.057927637203516055
    outer loop
      vertex -2.102907657623291 -1.8828641176223755 17.516559600830078
      vertex -2.4193122386932373 -5.2168121337890625 14.349791526794434
      vertex -2.111212730407715 -2.062514543533325 17.49650001525879
    endloop
  endfacet
  facet normal -0.9975332103011315 0.03964670593478482 0.05792782625680851
    outer loop
      vertex -2.111212730407715 -2.062514543533325 17.49650001525879
      vertex -2.4193122386932373 -5.2168121337890625 14.349791526794434
      vertex -2.16188907623291 -3.158712148666382 17.374094009399414
    endloop
  endfacet
  facet normal -0.9975332104739741 0.03964593608056164 0.05792835017313899
    outer loop
      vertex -2.16188907623291 -3.158712148666382 17.374094009399414
      vertex -2.4193122386932373 -5.2168121337890625 14.349791526794434
      vertex -2.1670479774475098 -3.2661449909210205 17.358783721923828
    endloop
  endfacet
  facet normal -0.9975332088286849 0.03964672414480322 0.05792783914952362
    outer loop
      vertex -2.1670479774475098 -3.2661449909210205 17.358783721923828
      vertex -2.4193122386932373 -5.2168121337890625 14.349791526794434
      vertex -2.216064453125 -4.2868804931640625 17.213314056396484
    endloop
  endfacet
  facet normal -0.9975332133088084 0.03964650875706634 0.057927909414885466
    outer loop
      vertex -2.216064453125 -4.2868804931640625 17.213314056396484
      vertex -2.4193122386932373 -5.2168121337890625 14.349791526794434
      vertex -2.2596983909606934 -5.0469465255737305 16.98212432861328
    endloop
  endfacet
  facet normal -0.9975331864440141 0.03964715318083184 0.0579279309789964
    outer loop
      vertex -2.2846839427948 -5.461007595062256 16.835256576538086
      vertex -2.4193122386932373 -5.2168121337890625 14.349791526794434
      vertex -2.429515838623047 -5.379597187042236 14.285496711730957
    endloop
  endfacet
  facet normal -0.9975332044418411 0.0396467559474234 0.057927892925925144
    outer loop
      vertex -2.4193122386932373 -5.2168121337890625 14.349791526794434
      vertex -2.2846839427948 -5.461007595062256 16.835256576538086
      vertex -2.2596983909606934 -5.0469465255737305 16.98212432861328
    endloop
  endfacet
  facet normal -0.800853669172135 0.2726776920900691 0.5331794039626457
    outer loop
      vertex -6.167697906494141 -13.775307655334473 6.90467643737793
      vertex -5.454914093017578 -12.575281143188477 7.361586570739746
      vertex -6.884340286254883 -12.972585678100586 5.417728424072266
    endloop
  endfacet
  facet normal -0.8008534921868329 0.27267743585257376 0.5331798008449121
    outer loop
      vertex -6.038239479064941 -13.85913372039795 7.141997337341309
      vertex -5.454914093017578 -12.575281143188477 7.361586570739746
      vertex -6.167697906494141 -13.775307655334473 6.90467643737793
    endloop
  endfacet
  facet normal -0.8008533600979479 0.27267733289700113 0.5331800518999231
    outer loop
      vertex -5.454914093017578 -12.575281143188477 7.361586570739746
      vertex -6.038239479064941 -13.85913372039795 7.141997337341309
      vertex -5.918453693389893 -13.936697006225586 7.361586570739746
    endloop
  endfacet
  facet normal -0.9975331972308382 0.03964664506895727 0.05792809298775121
    outer loop
      vertex -2.1406772136688232 0 15.577509880065918
      vertex -2.045510768890381 -0.5662150979042053 17.603818893432617
      vertex -2.0218162536621094 0 17.624319076538086
    endloop
  endfacet
  facet normal -0.9975332045310009 0.039646514287038 0.05792805678598425
    outer loop
      vertex -2.2853000164031982 -3.0084969997406006 15.146119117736816
      vertex -2.045510768890381 -0.5662150979042053 17.603818893432617
      vertex -2.1406772136688232 0 15.577509880065918
    endloop
  endfacet
  facet normal -0.9975332059390177 0.039646593118175845 0.05792797858675264
    outer loop
      vertex -2.299799680709839 -3.3101232051849365 15.10286808013916
      vertex -2.045510768890381 -0.5662150979042053 17.603818893432617
      vertex -2.2853000164031982 -3.0084969997406006 15.146119117736816
    endloop
  endfacet
  facet normal -0.9975332020209413 0.039646428682918414 0.0579281585978549
    outer loop
      vertex -2.045510768890381 -0.5662150979042053 17.603818893432617
      vertex -2.299799680709839 -3.3101232051849365 15.10286808013916
      vertex -2.4193122386932373 -5.2168121337890625 14.349791526794434
    endloop
  endfacet
  facet normal -0.8530989818245399 0.18625051134628856 0.48737344432496466
    outer loop
      vertex -5.225207805633545 -11.025214195251465 7.171304225921631
      vertex -5.454914093017578 -12.575281143188477 7.361586570739746
      vertex -5.11647891998291 -11.025117874145508 7.361586570739746
    endloop
  endfacet
  facet normal -0.8530986534627197 0.18625053226142965 0.48737401109664097
    outer loop
      vertex -5.454914093017578 -12.575281143188477 7.361586570739746
      vertex -5.225207805633545 -11.025214195251465 7.171304225921631
      vertex -5.579479217529297 -11.025527000427246 6.551307678222656
    endloop
  endfacet
  facet normal -0.8776764898470611 0.29883397949534646 0.3746761693365569
    outer loop
      vertex -5.454914093017578 -12.575281143188477 7.361586570739746
      vertex -5.376811981201172 -13.808287620544434 8.527960777282715
      vertex -4.875078201293945 -13.689339637756348 9.6083984375
    endloop
  endfacet
  facet normal -0.8776763420937861 0.29883417144195645 0.3746763623548604
    outer loop
      vertex -5.376811981201172 -13.808287620544434 8.527960777282715
      vertex -5.454914093017578 -12.575281143188477 7.361586570739746
      vertex -5.557462215423584 -13.851115226745605 8.138947486877441
    endloop
  endfacet
  facet normal -0.9749198716243015 0.21284841831993334 0.06501380415541065
    outer loop
      vertex -3.0682852268218994 -10.545453071594238 14.255257606506348
      vertex -3.064176559448242 -10.521049499511719 14.236974716186523
      vertex -3.0748989582061768 -10.570161819458008 14.236974716186523
    endloop
  endfacet
  facet normal -0.9757432065076704 0.1198865490770415 0.18317317026390034
    outer loop
      vertex -3.064176559448242 -10.521049499511719 14.236974716186523
      vertex -2.512850284576416 -5.800873756408691 14.084481239318848
      vertex -2.641674280166626 -6.4019341468811035 13.791643142700195
    endloop
  endfacet
  facet normal -0.9757428066840501 0.11988932087747169 0.18317348591941743
    outer loop
      vertex -3.064176559448242 -10.521049499511719 14.236974716186523
      vertex -3.647287607192993 -9.80048942565918 10.659197807312012
      vertex -3.654346466064453 -9.82618236541748 10.638412475585938
    endloop
  endfacet
  facet normal -0.975743332643376 0.11988654224707902 0.1831725028218961
    outer loop
      vertex -2.512850284576416 -5.800873756408691 14.084481239318848
      vertex -3.064176559448242 -10.521049499511719 14.236974716186523
      vertex -2.4457662105560303 -5.487875938415527 14.236974716186523
    endloop
  endfacet
  facet normal -0.9757432286145263 0.11988653930454683 0.18317305889917182
    outer loop
      vertex -3.0396409034729004 -7.840816497802734 12.61346435546875
      vertex -3.064176559448242 -10.521049499511719 14.236974716186523
      vertex -2.641674280166626 -6.4019341468811035 13.791643142700195
    endloop
  endfacet
  facet normal -0.9757432489502215 0.11988649244959568 0.1831729812395898
    outer loop
      vertex -3.3673532009124756 -9.025688171386719 11.643272399902344
      vertex -3.064176559448242 -10.521049499511719 14.236974716186523
      vertex -3.0396409034729004 -7.840816497802734 12.61346435546875
    endloop
  endfacet
  facet normal -0.9757432447748794 0.11988651091347041 0.18317299139661436
    outer loop
      vertex -3.647287607192993 -9.80048942565918 10.659197807312012
      vertex -3.064176559448242 -10.521049499511719 14.236974716186523
      vertex -3.3673532009124756 -9.025688171386719 11.643272399902344
    endloop
  endfacet
  facet normal -0.9422408592222076 0.11578097674542823 0.31428797087395904
    outer loop
      vertex -3.654346466064453 -9.82618236541748 10.638412475585938
      vertex -3.653200387954712 -9.816855430603027 10.638412475585938
      vertex -3.656996250152588 -9.823062896728516 10.629319190979004
    endloop
  endfacet
  facet normal -0.9198509348372464 0.20085078971462025 0.336946906722791
    outer loop
      vertex -4.089770317077637 -10.355937957763672 9.76550579071045
      vertex -3.654346466064453 -9.82618236541748 10.638412475585938
      vertex -3.656996250152588 -9.823062896728516 10.629319190979004
    endloop
  endfacet
  facet normal -0.919850905885308 0.20082364696128568 0.3369631638074808
    outer loop
      vertex -5.454914093017578 -12.575281143188477 7.361586570739746
      vertex -4.377396106719971 -10.600340843200684 9.125996589660645
      vertex -4.587502956390381 -10.778874397277832 8.658843994140625
    endloop
  endfacet
  facet normal -0.9198508410661589 0.20082289295902364 0.33696379012209693
    outer loop
      vertex -4.089770317077637 -10.355937957763672 9.76550579071045
      vertex -5.454914093017578 -12.575281143188477 7.361586570739746
      vertex -3.654346466064453 -9.82618236541748 10.638412475585938
    endloop
  endfacet
  facet normal -0.9198509331696849 0.20082382112005362 0.3369629855304594
    outer loop
      vertex -4.377396106719971 -10.600340843200684 9.125996589660645
      vertex -5.454914093017578 -12.575281143188477 7.361586570739746
      vertex -4.089770317077637 -10.355937957763672 9.76550579071045
    endloop
  endfacet
  facet normal -0.9198509783453399 0.20082395915277268 0.33696277994361096
    outer loop
      vertex -5.454914093017578 -12.575281143188477 7.361586570739746
      vertex -4.587502956390381 -10.778874397277832 8.658843994140625
      vertex -5.11647891998291 -11.025117874145508 7.361586570739746
    endloop
  endfacet
  facet normal -0.5080686645138406 0.1729884202933205 0.843766104192118
    outer loop
      vertex -9.07210636138916 -6.125849723815918 1.31548273563385
      vertex -9.312765121459961 -6.605223655700684 1.2688524723052979
      vertex -8.807699203491211 -7.039198875427246 1.6619482040405273
    endloop
  endfacet
  facet normal -0.508068869066187 0.1729888628096695 0.8437658902975537
    outer loop
      vertex -9.590317726135254 -5.0685930252075195 0.7866859436035156
      vertex -9.07210636138916 -6.125849723815918 1.31548273563385
      vertex -9.398519515991211 -4.998306751251221 0.8877660632133484
    endloop
  endfacet
  facet normal -0.508068856251747 0.17298879748380078 0.8437659114068012
    outer loop
      vertex -9.590317726135254 -5.0685930252075195 0.7866859436035156
      vertex -9.398519515991211 -4.998306751251221 0.8877660632133484
      vertex -9.5 -4.8033294677734375 0.7866859436035156
    endloop
  endfacet
  facet normal -0.5080691214538672 0.17298868166633027 0.8437657754616743
    outer loop
      vertex -9.07210636138916 -6.125849723815918 1.31548273563385
      vertex -9.590317726135254 -5.0685930252075195 0.7866859436035156
      vertex -9.312765121459961 -6.605223655700684 1.2688524723052979
    endloop
  endfacet
  facet normal -0.9577534090251656 0.2091005673234338 0.19744710746347224
    outer loop
      vertex -3.064176559448242 -10.521049499511719 14.236974716186523
      vertex -3.4426586627960205 -11.511786460876465 13.450288772583008
      vertex -3.0748989582061768 -10.570161819458008 14.236974716186523
    endloop
  endfacet
  facet normal -0.9577533781335956 0.20909974528702313 0.19744812785789495
    outer loop
      vertex -3.4426586627960205 -11.511786460876465 13.450288772583008
      vertex -3.064176559448242 -10.521049499511719 14.236974716186523
      vertex -3.653468608856201 -11.924217224121094 12.864490509033203
    endloop
  endfacet
  facet normal -0.9577533850820584 0.20909874423978522 0.19744915426813817
    outer loop
      vertex -3.654346466064453 -9.82618236541748 10.638412475585938
      vertex -3.653468608856201 -11.924217224121094 12.864490509033203
      vertex -3.064176559448242 -10.521049499511719 14.236974716186523
    endloop
  endfacet
  facet normal -0.9577533696161946 0.20909878172469182 0.197449189590828
    outer loop
      vertex -3.654346466064453 -9.82618236541748 10.638412475585938
      vertex -4.16765022277832 -12.930166244506836 11.435685157775879
      vertex -3.653468608856201 -11.924217224121094 12.864490509033203
    endloop
  endfacet
  facet normal -0.9577533100051362 0.20909883236267243 0.19744942511633876
    outer loop
      vertex -4.16765022277832 -12.930166244506836 11.435685157775879
      vertex -3.654346466064453 -9.82618236541748 10.638412475585938
      vertex -4.454563617706299 -13.491485595703125 10.638412475585938
    endloop
  endfacet
  facet normal -0.9198509229258803 0.20082399779328775 0.33696290820018693
    outer loop
      vertex -4.875078201293945 -13.689339637756348 9.6083984375
      vertex -3.654346466064453 -9.82618236541748 10.638412475585938
      vertex -5.454914093017578 -12.575281143188477 7.361586570739746
    endloop
  endfacet
  facet normal -0.9198508262617946 0.20082387782940603 0.33696324357272767
    outer loop
      vertex -3.654346466064453 -9.82618236541748 10.638412475585938
      vertex -4.875078201293945 -13.689339637756348 9.6083984375
      vertex -4.454563617706299 -13.491485595703125 10.638412475585938
    endloop
  endfacet
  facet normal -0.9757436713501434 0.11989774611912421 0.18316336504797423
    outer loop
      vertex -3.647287607192993 -9.80048942565918 10.659197807312012
      vertex -3.653200387954712 -9.816855430603027 10.638412475585938
      vertex -3.654346466064453 -9.82618236541748 10.638412475585938
    endloop
  endfacet
  facet normal -0.3590138012344046 0.014267983237960555 0.9332231861551367
    outer loop
      vertex -9.918819427490234 -0.7629826664924622 0.4101845622062683
      vertex -9.930330276489258 -0.8801978230476379 0.4075483977794647
      vertex -9.912981033325195 -0.8951047658920288 0.41445061564445496
    endloop
  endfacet
  facet normal -0.35902613025223673 0.014268825088062658 0.9332184301795106
    outer loop
      vertex -9.955076217651367 -0.4250253438949585 0.39106857776641846
      vertex -9.918819427490234 -0.7629826664924622 0.4101845622062683
      vertex -9.932003021240234 -0.4646068811416626 0.4005504548549652
    endloop
  endfacet
  facet normal -0.35902632095194076 0.014268696818664052 0.933218358775057
    outer loop
      vertex -9.955076217651367 -0.4250253438949585 0.39106857776641846
      vertex -9.932003021240234 -0.4646068811416626 0.4005504548549652
      vertex -9.937094688415527 -0.1515635848045349 0.39380523562431335
    endloop
  endfacet
  facet normal -0.35901538089975105 0.014271033174477563 0.9332225318162541
    outer loop
      vertex -9.97818374633789 0 0.3756803274154663
      vertex -9.937094688415527 -0.1515635848045349 0.39380523562431335
      vertex -9.939558982849121 0 0.3905394673347473
    endloop
  endfacet
  facet normal -0.3590241117128402 0.014269085341402966 0.9332192027665986
    outer loop
      vertex -9.918819427490234 -0.7629826664924622 0.4101845622062683
      vertex -9.955076217651367 -0.4250253438949585 0.39106857776641846
      vertex -9.930330276489258 -0.8801978230476379 0.4075483977794647
    endloop
  endfacet
  facet normal -0.35902340369855146 0.014268493731512896 0.9332194841961566
    outer loop
      vertex -9.937094688415527 -0.1515635848045349 0.39380523562431335
      vertex -9.97818374633789 0 0.3756803274154663
      vertex -9.955076217651367 -0.4250253438949585 0.39106857776641846
    endloop
  endfacet
  facet normal -0.569934493247723 0.12443215360504653 0.8122138342552848
    outer loop
      vertex -9.398519515991211 -4.998306751251221 0.8877660632133484
      vertex -9.480328559875488 -4.713228702545166 0.7866859436035156
      vertex -9.5 -4.8033294677734375 0.7866859436035156
    endloop
  endfacet
  facet normal -0.31689320230896056 0.06918245248456213 0.9459347158227112
    outer loop
      vertex -9.745766639709473 -2.8100473880767822 0.5585673451423645
      vertex -9.824646949768066 -2.7673184871673584 0.5290169715881348
      vertex -9.74260425567627 -2.83781361579895 0.5616574883460999
    endloop
  endfacet
  facet normal -0.31689197663862256 0.069184876508319 0.9459349491400533
    outer loop
      vertex -9.76627254486084 -2.629992723464966 0.5385287404060364
      vertex -9.824646949768066 -2.7673184871673584 0.5290169715881348
      vertex -9.745766639709473 -2.8100473880767822 0.5585673451423645
    endloop
  endfacet
  facet normal -0.31689044746113376 0.0691841875128677 0.9459355118114907
    outer loop
      vertex -9.824646949768066 -2.7673184871673584 0.5290169715881348
      vertex -9.76627254486084 -2.629992723464966 0.5385287404060364
      vertex -9.837387084960938 -2.546262741088867 0.5085813403129578
    endloop
  endfacet
  facet normal -0.2750663914843233 0.09365542427088662 0.9568527273203715
    outer loop
      vertex -9.590317726135254 -5.0685930252075195 0.7866859436035156
      vertex -9.5 -4.8033294677734375 0.7866859436035156
      vertex -9.701569557189941 -4.416046619415283 0.6908340454101562
    endloop
  endfacet
  facet normal -0.34495981721698366 0.042384050426282405 0.9376600219562993
    outer loop
      vertex -9.835229873657227 -1.915502905845642 0.4808632731437683
      vertex -9.851540565490723 -2.2939136028289795 0.4919675588607788
      vertex -9.79050064086914 -2.38710880279541 0.5186364054679871
    endloop
  endfacet
  facet normal -0.34496048217552483 0.042384071880937006 0.9376597763517537
    outer loop
      vertex -9.862700462341309 -1.625864028930664 0.45766472816467285
      vertex -9.851540565490723 -2.2939136028289795 0.4919675588607788
      vertex -9.835229873657227 -1.915502905845642 0.4808632731437683
    endloop
  endfacet
  facet normal -0.34496528828237283 0.04238374335845153 0.9376580230442144
    outer loop
      vertex -9.914449691772461 -1.1722931861877441 0.4181239604949951
      vertex -9.862700462341309 -1.625864028930664 0.45766472816467285
      vertex -9.887788772583008 -1.2822436094284058 0.4329024851322174
    endloop
  endfacet
  facet normal -0.34495746725670273 0.0423860127660935 0.9376607977865097
    outer loop
      vertex -9.914449691772461 -1.1722931861877441 0.4181239604949951
      vertex -9.887788772583008 -1.2822436094284058 0.4329024851322174
      vertex -9.895018577575684 -1.1832153797149658 0.4257662296295166
    endloop
  endfacet
  facet normal -0.3449638543813342 0.04238395212226885 0.9376585411400415
    outer loop
      vertex -9.862700462341309 -1.625864028930664 0.45766472816467285
      vertex -9.914449691772461 -1.1722931861877441 0.4181239604949951
      vertex -9.851540565490723 -2.2939136028289795 0.4919675588607788
    endloop
  endfacet
  facet normal -0.31689161628553236 0.06918405158445905 0.9459351301935571
    outer loop
      vertex -9.701569557189941 -4.416046619415283 0.6908340454101562
      vertex -9.480328559875488 -4.713228702545166 0.7866859436035156
      vertex -9.56295108795166 -4.4043145179748535 0.7364136576652527
    endloop
  endfacet
  facet normal -0.31689099243197777 0.06918285061687032 0.9459354270223735
    outer loop
      vertex -9.701569557189941 -4.416046619415283 0.6908340454101562
      vertex -9.573823928833008 -4.317593574523926 0.7264286279678345
      vertex -9.576539039611816 -4.295938968658447 0.7239353060722351
    endloop
  endfacet
  facet normal -0.31688973200536213 0.0691856209369914 0.9459356466510461
    outer loop
      vertex -9.480328559875488 -4.713228702545166 0.7866859436035156
      vertex -9.701569557189941 -4.416046619415283 0.6908340454101562
      vertex -9.5 -4.8033294677734375 0.7866859436035156
    endloop
  endfacet
  facet normal -0.31689159897841074 0.06918373446160447 0.9459351591852648
    outer loop
      vertex -9.573823928833008 -4.317593574523926 0.7264286279678345
      vertex -9.701569557189941 -4.416046619415283 0.6908340454101562
      vertex -9.56295108795166 -4.4043145179748535 0.7364136576652527
    endloop
  endfacet
  facet normal -0.31689170297085567 0.0691844428608859 0.9459350725363025
    outer loop
      vertex -9.744085311889648 -4.16515588760376 0.6582413911819458
      vertex -9.576539039611816 -4.295938968658447 0.7239353060722351
      vertex -9.74260425567627 -2.83781361579895 0.5616574883460999
    endloop
  endfacet
  facet normal -0.3168920045457087 0.06918402125436014 0.9459350023432259
    outer loop
      vertex -9.576539039611816 -4.295938968658447 0.7239353060722351
      vertex -9.744085311889648 -4.16515588760376 0.6582413911819458
      vertex -9.701569557189941 -4.416046619415283 0.6908340454101562
    endloop
  endfacet
  facet normal -0.31689164098470646 0.0691844442950939 0.9459350931969904
    outer loop
      vertex -9.744085311889648 -4.16515588760376 0.6582413911819458
      vertex -9.74260425567627 -2.83781361579895 0.5616574883460999
      vertex -9.824646949768066 -2.7673184871673584 0.5290169715881348
    endloop
  endfacet
  facet normal -0.5080683448856542 0.17299020404186705 0.8437659309492801
    outer loop
      vertex -9.043307304382324 -8.09703540802002 1.7369564771652222
      vertex -8.184478759765625 -8.44618034362793 2.325676918029785
      vertex -8.27873420715332 -8.254881858825684 2.229701280593872
    endloop
  endfacet
  facet normal -0.5080692909529242 0.17298893587947195 0.8437656212799148
    outer loop
      vertex -8.184478759765625 -8.44618034362793 2.325676918029785
      vertex -8.604429244995117 -9.497640609741211 2.2883763313293457
      vertex -8.57474136352539 -9.59238338470459 2.325676918029785
    endloop
  endfacet
  facet normal -0.5080685865694343 0.17298921322095978 0.8437659885599386
    outer loop
      vertex -9.043307304382324 -8.09703540802002 1.7369564771652222
      vertex -8.27873420715332 -8.254881858825684 2.229701280593872
      vertex -8.707956314086914 -7.3837456703186035 1.792647123336792
    endloop
  endfacet
  facet normal -0.50806819955203 0.17298992441828517 0.8437660757897977
    outer loop
      vertex -9.286460876464844 -6.750850200653076 1.3145474195480347
      vertex -8.707956314086914 -7.3837456703186035 1.792647123336792
      vertex -8.807699203491211 -7.039198875427246 1.6619482040405273
    endloop
  endfacet
  facet normal -0.5080689001137656 0.17298877022576223 0.8437658905839739
    outer loop
      vertex -8.184478759765625 -8.44618034362793 2.325676918029785
      vertex -9.043307304382324 -8.09703540802002 1.7369564771652222
      vertex -8.604429244995117 -9.497640609741211 2.2883763313293457
    endloop
  endfacet
  facet normal -0.5080687341199629 0.1729892907694919 0.8437658838142289
    outer loop
      vertex -8.707956314086914 -7.3837456703186035 1.792647123336792
      vertex -9.286460876464844 -6.750850200653076 1.3145474195480347
      vertex -9.043307304382324 -8.09703540802002 1.7369564771652222
    endloop
  endfacet
  facet normal -0.5080699673370395 0.1729865422278708 0.8437657047416568
    outer loop
      vertex -9.286460876464844 -6.750850200653076 1.3145474195480347
      vertex -8.807699203491211 -7.039198875427246 1.6619482040405273
      vertex -9.312765121459961 -6.605223655700684 1.2688524723052979
    endloop
  endfacet
  facet normal -0.3449623337375002 0.04238168325125253 0.9376592031368158
    outer loop
      vertex -9.77400016784668 -2.5610907077789307 0.5325714349746704
      vertex -9.837387084960938 -2.546262741088867 0.5085813403129578
      vertex -9.76627254486084 -2.629992723464966 0.5385287404060364
    endloop
  endfacet
  facet normal -0.3449615280788703 0.04238533945884529 0.9376593342704211
    outer loop
      vertex -9.79050064086914 -2.38710880279541 0.5186364054679871
      vertex -9.837387084960938 -2.546262741088867 0.5085813403129578
      vertex -9.77400016784668 -2.5610907077789307 0.5325714349746704
    endloop
  endfacet
  facet normal -0.34495912171430176 0.042384572426926316 0.9376602542319281
    outer loop
      vertex -9.837387084960938 -2.546262741088867 0.5085813403129578
      vertex -9.79050064086914 -2.38710880279541 0.5186364054679871
      vertex -9.851540565490723 -2.2939136028289795 0.4919675588607788
    endloop
  endfacet
  facet normal -0.3590160419778769 0.014269503210356034 0.9332223008912018
    outer loop
      vertex -9.909233093261719 -0.9799284338951111 0.41718944907188416
      vertex -9.914449691772461 -1.1722931861877441 0.4181239604949951
      vertex -9.895018577575684 -1.1832153797149658 0.4257662296295166
    endloop
  endfacet
  facet normal -0.35901271173720567 0.014269435023379786 0.9332235830899323
    outer loop
      vertex -9.930330276489258 -0.8801978230476379 0.4075483977794647
      vertex -9.909233093261719 -0.9799284338951111 0.41718944907188416
      vertex -9.912981033325195 -0.8951047658920288 0.41445061564445496
    endloop
  endfacet
  facet normal -0.35901276982411773 0.01426942059667836 0.9332235609643866
    outer loop
      vertex -9.909233093261719 -0.9799284338951111 0.41718944907188416
      vertex -9.930330276489258 -0.8801978230476379 0.4075483977794647
      vertex -9.914449691772461 -1.1722931861877441 0.4181239604949951
    endloop
  endfacet
  facet normal -0.6817321272403588 0.23211877159173666 0.6938026971431276
    outer loop
      vertex -7.919559478759766 -11.571182250976562 3.631488561630249
      vertex -7.6103363037109375 -12.058964729309082 4.098524570465088
      vertex -7.852726936340332 -9.043299674987793 2.8514294624328613
    endloop
  endfacet
  facet normal -0.681724390087967 0.23212799953863095 0.6938072122638843
    outer loop
      vertex -7.6103363037109375 -12.058964729309082 4.098524570465088
      vertex -7.919559478759766 -11.571182250976562 3.631488561630249
      vertex -7.839104175567627 -11.728044509887695 3.76302433013916
    endloop
  endfacet
  facet normal -0.6817325901647734 0.2321183299737899 0.6938023900199594
    outer loop
      vertex -8.57474136352539 -9.59238338470459 2.325676918029785
      vertex -7.852726936340332 -9.043299674987793 2.8514294624328613
      vertex -8.184478759765625 -8.44618034362793 2.325676918029785
    endloop
  endfacet
  facet normal -0.6817326813386057 0.23211863258217447 0.6938021991915684
    outer loop
      vertex -7.852726936340332 -9.043299674987793 2.8514294624328613
      vertex -8.57474136352539 -9.59238338470459 2.325676918029785
      vertex -7.919559478759766 -11.571182250976562 3.631488561630249
    endloop
  endfacet
  facet normal -0.8008534073858337 0.2726773952846702 0.5331799489658885
    outer loop
      vertex -7.30268669128418 -12.503990173339844 4.549710273742676
      vertex -6.532756328582764 -10.691911697387695 4.779442310333252
      vertex -6.652352809906006 -10.59395980834961 4.549710273742676
    endloop
  endfacet
  facet normal -0.8008537329792126 0.27267760951659537 0.5331793503518071
    outer loop
      vertex -7.30268669128418 -12.503990173339844 4.549710273742676
      vertex -6.390230655670166 -10.778228759765625 5.037664890289307
      vertex -6.532756328582764 -10.691911697387695 4.779442310333252
    endloop
  endfacet
  facet normal -0.8008535092406074 0.2726773601385343 0.5331798139510576
    outer loop
      vertex -6.917679786682129 -12.93524169921875 5.348552703857422
      vertex -6.390230655670166 -10.778228759765625 5.037664890289307
      vertex -7.30268669128418 -12.503990173339844 4.549710273742676
    endloop
  endfacet
  facet normal -0.8008548326404077 0.27267739470008867 0.5331778084805074
    outer loop
      vertex -6.884340286254883 -12.972585678100586 5.417728424072266
      vertex -6.390230655670166 -10.778228759765625 5.037664890289307
      vertex -6.917679786682129 -12.93524169921875 5.348552703857422
    endloop
  endfacet
  facet normal -0.8008537050093475 0.2726774309356746 0.5331794836929881
    outer loop
      vertex -6.390230655670166 -10.778228759765625 5.037664890289307
      vertex -6.884340286254883 -12.972585678100586 5.417728424072266
      vertex -5.454914093017578 -12.575281143188477 7.361586570739746
    endloop
  endfacet
  facet normal -0.6817326435377804 0.23211865600708348 0.6938022284977577
    outer loop
      vertex -7.6103363037109375 -12.058964729309082 4.098524570465088
      vertex -6.652352809906006 -10.59395980834961 4.549710273742676
      vertex -7.2265400886535645 -9.987528800964355 3.7826240062713623
    endloop
  endfacet
  facet normal -0.6817323955505515 0.23211864764738604 0.6938024749676632
    outer loop
      vertex -7.6103363037109375 -12.058964729309082 4.098524570465088
      vertex -7.2265400886535645 -9.987528800964355 3.7826240062713623
      vertex -7.472382545471191 -9.727880477905273 3.454190492630005
    endloop
  endfacet
  facet normal -0.6817327552403303 0.23211877512761286 0.6938020788853869
    outer loop
      vertex -6.652352809906006 -10.59395980834961 4.549710273742676
      vertex -7.6103363037109375 -12.058964729309082 4.098524570465088
      vertex -7.30268669128418 -12.503990173339844 4.549710273742676
    endloop
  endfacet
  facet normal -0.6817324351168222 0.2321186399541248 0.6938024386635834
    outer loop
      vertex -7.6103363037109375 -12.058964729309082 4.098524570465088
      vertex -7.472382545471191 -9.727880477905273 3.454190492630005
      vertex -7.852726936340332 -9.043299674987793 2.8514294624328613
    endloop
  endfacet
  facet normal 0.9422408592222076 0.11578097674542823 0.31428797087395904
    outer loop
      vertex 3.654346466064453 -9.82618236541748 10.638412475585938
      vertex 3.656996250152588 -9.823062896728516 10.629319190979004
      vertex 3.653200387954712 -9.816855430603027 10.638412475585938
    endloop
  endfacet
  facet normal 0.9749198716243015 0.21284841831993334 0.06501380415541065
    outer loop
      vertex 3.0682852268218994 -10.545453071594238 14.255257606506348
      vertex 3.0748989582061768 -10.570161819458008 14.236974716186523
      vertex 3.064176559448242 -10.521049499511719 14.236974716186523
    endloop
  endfacet
  facet normal 0.2750663914843233 0.09365542427088662 0.9568527273203715
    outer loop
      vertex 9.590317726135254 -5.0685930252075195 0.7866859436035156
      vertex 9.701569557189941 -4.416046619415283 0.6908340454101562
      vertex 9.5 -4.8033294677734375 0.7866859436035156
    endloop
  endfacet
  facet normal 0.6817324351168222 0.2321186399541248 0.6938024386635834
    outer loop
      vertex 7.472382545471191 -9.727880477905273 3.454190492630005
      vertex 7.6103363037109375 -12.058964729309082 4.098524570465088
      vertex 7.852726936340332 -9.043299674987793 2.8514294624328613
    endloop
  endfacet
  facet normal 0.6817323955505515 0.23211864764738604 0.6938024749676632
    outer loop
      vertex 7.2265400886535645 -9.987528800964355 3.7826240062713623
      vertex 7.6103363037109375 -12.058964729309082 4.098524570465088
      vertex 7.472382545471191 -9.727880477905273 3.454190492630005
    endloop
  endfacet
  facet normal 0.6817326435377804 0.23211865600708348 0.6938022284977577
    outer loop
      vertex 6.652352809906006 -10.59395980834961 4.549710273742676
      vertex 7.6103363037109375 -12.058964729309082 4.098524570465088
      vertex 7.2265400886535645 -9.987528800964355 3.7826240062713623
    endloop
  endfacet
  facet normal 0.6817327552403303 0.23211877512761286 0.6938020788853869
    outer loop
      vertex 7.6103363037109375 -12.058964729309082 4.098524570465088
      vertex 6.652352809906006 -10.59395980834961 4.549710273742676
      vertex 7.30268669128418 -12.503990173339844 4.549710273742676
    endloop
  endfacet
  facet normal 0.9757436713501434 0.11989774611912421 0.18316336504797423
    outer loop
      vertex 3.654346466064453 -9.82618236541748 10.638412475585938
      vertex 3.653200387954712 -9.816855430603027 10.638412475585938
      vertex 3.647287607192993 -9.80048942565918 10.659197807312012
    endloop
  endfacet
  facet normal 0.8008534073858337 0.2726773952846702 0.5331799489658885
    outer loop
      vertex 6.532756328582764 -10.691911697387695 4.779442310333252
      vertex 7.30268669128418 -12.503990173339844 4.549710273742676
      vertex 6.652352809906006 -10.59395980834961 4.549710273742676
    endloop
  endfacet
  facet normal 0.8008537329792126 0.27267760951659537 0.5331793503518071
    outer loop
      vertex 6.390230655670166 -10.778228759765625 5.037664890289307
      vertex 7.30268669128418 -12.503990173339844 4.549710273742676
      vertex 6.532756328582764 -10.691911697387695 4.779442310333252
    endloop
  endfacet
  facet normal 0.8008537050093475 0.2726774309356746 0.5331794836929881
    outer loop
      vertex 6.884340286254883 -12.972585678100586 5.417728424072266
      vertex 6.390230655670166 -10.778228759765625 5.037664890289307
      vertex 5.454914093017578 -12.575281143188477 7.361586570739746
    endloop
  endfacet
  facet normal 0.8008535092406074 0.2726773601385343 0.5331798139510576
    outer loop
      vertex 6.390230655670166 -10.778228759765625 5.037664890289307
      vertex 6.917679786682129 -12.93524169921875 5.348552703857422
      vertex 7.30268669128418 -12.503990173339844 4.549710273742676
    endloop
  endfacet
  facet normal 0.8008548326404077 0.27267739470008867 0.5331778084805074
    outer loop
      vertex 6.390230655670166 -10.778228759765625 5.037664890289307
      vertex 6.884340286254883 -12.972585678100586 5.417728424072266
      vertex 6.917679786682129 -12.93524169921875 5.348552703857422
    endloop
  endfacet
  facet normal 0.6817325901647734 0.2321183299737899 0.6938023900199594
    outer loop
      vertex 7.852726936340332 -9.043299674987793 2.8514294624328613
      vertex 8.57474136352539 -9.59238338470459 2.325676918029785
      vertex 8.184478759765625 -8.44618034362793 2.325676918029785
    endloop
  endfacet
  facet normal 0.6817326813386057 0.23211863258217447 0.6938021991915684
    outer loop
      vertex 8.57474136352539 -9.59238338470459 2.325676918029785
      vertex 7.852726936340332 -9.043299674987793 2.8514294624328613
      vertex 7.919559478759766 -11.571182250976562 3.631488561630249
    endloop
  endfacet
  facet normal 0.6817321272403588 0.23211877159173666 0.6938026971431276
    outer loop
      vertex 7.6103363037109375 -12.058964729309082 4.098524570465088
      vertex 7.919559478759766 -11.571182250976562 3.631488561630249
      vertex 7.852726936340332 -9.043299674987793 2.8514294624328613
    endloop
  endfacet
  facet normal 0.681724390087967 0.23212799953863095 0.6938072122638843
    outer loop
      vertex 7.919559478759766 -11.571182250976562 3.631488561630249
      vertex 7.6103363037109375 -12.058964729309082 4.098524570465088
      vertex 7.839104175567627 -11.728044509887695 3.76302433013916
    endloop
  endfacet
  facet normal 0.9907383753497221 0.12172886896744833 0.06016272990231447
    outer loop
      vertex 2.4227547645568848 -6.400841236114502 16.463146209716797
      vertex 2.429515838623047 -5.379597187042236 14.285496711730957
      vertex 2.2846839427948 -5.461007595062256 16.835256576538086
    endloop
  endfacet
  facet normal 0.9907387963774044 0.12172608650145253 0.06016142632694881
    outer loop
      vertex 2.429515838623047 -5.379597187042236 14.285496711730957
      vertex 2.4227547645568848 -6.400841236114502 16.463146209716797
      vertex 2.435718297958374 -5.420926094055176 14.266976356506348
    endloop
  endfacet
  facet normal 0.99073839477816 0.12172876550153648 0.06016261930689924
    outer loop
      vertex 2.435718297958374 -5.420926094055176 14.266976356506348
      vertex 2.4227547645568848 -6.400841236114502 16.463146209716797
      vertex 2.625295639038086 -7.779518127441406 15.917285919189453
    endloop
  endfacet
  facet normal 0.9975332098414326 0.03964664042701574 0.057927879007430204
    outer loop
      vertex 2.4193122386932373 -5.2168121337890625 14.349791526794434
      vertex 2.058640718460083 -0.8799759149551392 17.592458724975586
      vertex 2.094006299972534 -1.6811988353729248 17.531822204589844
    endloop
  endfacet
  facet normal 0.9975332007648391 0.03964639952978966 0.057928200180736814
    outer loop
      vertex 2.058640718460083 -0.8799759149551392 17.592458724975586
      vertex 2.4193122386932373 -5.2168121337890625 14.349791526794434
      vertex 2.049268960952759 -0.6560224294662476 17.600566864013672
    endloop
  endfacet
  facet normal 0.9975331989846552 0.03964619969435348 0.05792836760375281
    outer loop
      vertex 2.4193122386932373 -5.2168121337890625 14.349791526794434
      vertex 2.094006299972534 -1.6811988353729248 17.531822204589844
      vertex 2.102907657623291 -1.8828641176223755 17.516559600830078
    endloop
  endfacet
  facet normal 0.9975332137703584 0.03964689487208391 0.057927637203516055
    outer loop
      vertex 2.4193122386932373 -5.2168121337890625 14.349791526794434
      vertex 2.102907657623291 -1.8828641176223755 17.516559600830078
      vertex 2.111212730407715 -2.062514543533325 17.49650001525879
    endloop
  endfacet
  facet normal 0.9975332103011315 0.03964670593478482 0.05792782625680851
    outer loop
      vertex 2.4193122386932373 -5.2168121337890625 14.349791526794434
      vertex 2.111212730407715 -2.062514543533325 17.49650001525879
      vertex 2.16188907623291 -3.158712148666382 17.374094009399414
    endloop
  endfacet
  facet normal 0.9975332104739741 0.03964593608056164 0.05792835017313899
    outer loop
      vertex 2.4193122386932373 -5.2168121337890625 14.349791526794434
      vertex 2.16188907623291 -3.158712148666382 17.374094009399414
      vertex 2.1670479774475098 -3.2661449909210205 17.358783721923828
    endloop
  endfacet
  facet normal 0.9975332088286849 0.03964672414480322 0.05792783914952362
    outer loop
      vertex 2.4193122386932373 -5.2168121337890625 14.349791526794434
      vertex 2.1670479774475098 -3.2661449909210205 17.358783721923828
      vertex 2.216064453125 -4.2868804931640625 17.213314056396484
    endloop
  endfacet
  facet normal 0.9975332133088084 0.03964650875706634 0.057927909414885466
    outer loop
      vertex 2.4193122386932373 -5.2168121337890625 14.349791526794434
      vertex 2.216064453125 -4.2868804931640625 17.213314056396484
      vertex 2.2596983909606934 -5.0469465255737305 16.98212432861328
    endloop
  endfacet
  facet normal 0.9975332006664852 0.039646397157237646 0.05792820349819635
    outer loop
      vertex 2.049268960952759 -0.6560224294662476 17.600566864013672
      vertex 2.4193122386932373 -5.2168121337890625 14.349791526794434
      vertex 2.045510768890381 -0.5662150979042053 17.603818893432617
    endloop
  endfacet
  facet normal 0.9975332044418411 0.0396467559474234 0.057927892925925144
    outer loop
      vertex 2.2846839427948 -5.461007595062256 16.835256576538086
      vertex 2.4193122386932373 -5.2168121337890625 14.349791526794434
      vertex 2.2596983909606934 -5.0469465255737305 16.98212432861328
    endloop
  endfacet
  facet normal 0.9975331864440141 0.03964715318083184 0.0579279309789964
    outer loop
      vertex 2.4193122386932373 -5.2168121337890625 14.349791526794434
      vertex 2.2846839427948 -5.461007595062256 16.835256576538086
      vertex 2.429515838623047 -5.379597187042236 14.285496711730957
    endloop
  endfacet
  facet normal 0.9975331972308382 0.03964664506895727 0.05792809298775121
    outer loop
      vertex 2.045510768890381 -0.5662150979042053 17.603818893432617
      vertex 2.1406772136688232 0 15.577509880065918
      vertex 2.0218162536621094 0 17.624319076538086
    endloop
  endfacet
  facet normal 0.9975332045310009 0.039646514287038 0.05792805678598425
    outer loop
      vertex 2.045510768890381 -0.5662150979042053 17.603818893432617
      vertex 2.2853000164031982 -3.0084969997406006 15.146119117736816
      vertex 2.1406772136688232 0 15.577509880065918
    endloop
  endfacet
  facet normal 0.9975332059390177 0.039646593118175845 0.05792797858675264
    outer loop
      vertex 2.045510768890381 -0.5662150979042053 17.603818893432617
      vertex 2.299799680709839 -3.3101232051849365 15.10286808013916
      vertex 2.2853000164031982 -3.0084969997406006 15.146119117736816
    endloop
  endfacet
  facet normal 0.9975332020209413 0.039646428682918414 0.0579281585978549
    outer loop
      vertex 2.299799680709839 -3.3101232051849365 15.10286808013916
      vertex 2.045510768890381 -0.5662150979042053 17.603818893432617
      vertex 2.4193122386932373 -5.2168121337890625 14.349791526794434
    endloop
  endfacet
  facet normal 0.9198508262617946 0.20082387782940603 0.33696324357272767
    outer loop
      vertex 4.875078201293945 -13.689339637756348 9.6083984375
      vertex 3.654346466064453 -9.82618236541748 10.638412475585938
      vertex 4.454563617706299 -13.491485595703125 10.638412475585938
    endloop
  endfacet
  facet normal 0.9198509229258803 0.20082399779328775 0.33696290820018693
    outer loop
      vertex 3.654346466064453 -9.82618236541748 10.638412475585938
      vertex 4.875078201293945 -13.689339637756348 9.6083984375
      vertex 5.454914093017578 -12.575281143188477 7.361586570739746
    endloop
  endfacet
  facet normal 0.800853669172135 0.2726776920900691 0.5331794039626457
    outer loop
      vertex 5.454914093017578 -12.575281143188477 7.361586570739746
      vertex 6.167697906494141 -13.775307655334473 6.90467643737793
      vertex 6.884340286254883 -12.972585678100586 5.417728424072266
    endloop
  endfacet
  facet normal 0.8008534921868329 0.27267743585257376 0.5331798008449121
    outer loop
      vertex 5.454914093017578 -12.575281143188477 7.361586570739746
      vertex 6.038239479064941 -13.85913372039795 7.141997337341309
      vertex 6.167697906494141 -13.775307655334473 6.90467643737793
    endloop
  endfacet
  facet normal 0.8008533600979479 0.27267733289700113 0.5331800518999231
    outer loop
      vertex 6.038239479064941 -13.85913372039795 7.141997337341309
      vertex 5.454914093017578 -12.575281143188477 7.361586570739746
      vertex 5.918453693389893 -13.936697006225586 7.361586570739746
    endloop
  endfacet
  facet normal 0.9749197374555106 0.2128488483317245 0.0650144082764485
    outer loop
      vertex 3.0682852268218994 -10.545453071594238 14.255257606506348
      vertex 3.064176559448242 -10.521049499511719 14.236974716186523
      vertex 3.062333822250366 -10.523219108581543 14.271710395812988
    endloop
  endfacet
  facet normal 0.8776764898470611 0.29883397949534646 0.3746761693365569
    outer loop
      vertex 5.376811981201172 -13.808287620544434 8.527960777282715
      vertex 5.454914093017578 -12.575281143188477 7.361586570739746
      vertex 4.875078201293945 -13.689339637756348 9.6083984375
    endloop
  endfacet
  facet normal 0.8776763420937861 0.29883417144195645 0.3746763623548604
    outer loop
      vertex 5.454914093017578 -12.575281143188477 7.361586570739746
      vertex 5.376811981201172 -13.808287620544434 8.527960777282715
      vertex 5.557462215423584 -13.851115226745605 8.138947486877441
    endloop
  endfacet
  facet normal 0.9907381069161416 0.1217301289445451 0.060164600982342505
    outer loop
      vertex 2.625295639038086 -7.779518127441406 15.917285919189453
      vertex 2.4457662105560303 -5.487875938415527 14.236974716186523
      vertex 2.435718297958374 -5.420926094055176 14.266976356506348
    endloop
  endfacet
  facet normal 0.9907383911184618 0.12172875618609574 0.06016269842176188
    outer loop
      vertex 2.715446949005127 -8.393169403076172 15.674322128295898
      vertex 2.4457662105560303 -5.487875938415527 14.236974716186523
      vertex 2.625295639038086 -7.779518127441406 15.917285919189453
    endloop
  endfacet
  facet normal 0.9907383041835145 0.12172910610770699 0.0601634220252848
    outer loop
      vertex 2.7984724044799805 -8.902983665466309 15.338615417480469
      vertex 2.4457662105560303 -5.487875938415527 14.236974716186523
      vertex 2.715446949005127 -8.393169403076172 15.674322128295898
    endloop
  endfacet
  facet normal 0.9907383586761384 0.12172893436171708 0.06016287216275481
    outer loop
      vertex 2.7984724044799805 -8.902983665466309 15.338615417480469
      vertex 3.064176559448242 -10.521049499511719 14.236974716186523
      vertex 2.4457662105560303 -5.487875938415527 14.236974716186523
    endloop
  endfacet
  facet normal 0.9907383439935292 0.121729376748738 0.06016221885305647
    outer loop
      vertex 3.064176559448242 -10.521049499511719 14.236974716186523
      vertex 2.7984724044799805 -8.902983665466309 15.338615417480469
      vertex 3.062333822250366 -10.523219108581543 14.271710395812988
    endloop
  endfacet
  facet normal 0.569934493247723 0.12443215360504653 0.8122138342552848
    outer loop
      vertex 9.5 -4.8033294677734375 0.7866859436035156
      vertex 9.480328559875488 -4.713228702545166 0.7866859436035156
      vertex 9.398519515991211 -4.998306751251221 0.8877660632133484
    endloop
  endfacet
  facet normal 0.975743332643376 0.11988654224707902 0.1831725028218961
    outer loop
      vertex 3.064176559448242 -10.521049499511719 14.236974716186523
      vertex 2.512850284576416 -5.800873756408691 14.084481239318848
      vertex 2.4457662105560303 -5.487875938415527 14.236974716186523
    endloop
  endfacet
  facet normal 0.9757432447748794 0.11988651091347041 0.18317299139661436
    outer loop
      vertex 3.064176559448242 -10.521049499511719 14.236974716186523
      vertex 3.647287607192993 -9.80048942565918 10.659197807312012
      vertex 3.3673532009124756 -9.025688171386719 11.643272399902344
    endloop
  endfacet
  facet normal 0.9757428066840501 0.11988932087747169 0.18317348591941743
    outer loop
      vertex 3.647287607192993 -9.80048942565918 10.659197807312012
      vertex 3.064176559448242 -10.521049499511719 14.236974716186523
      vertex 3.654346466064453 -9.82618236541748 10.638412475585938
    endloop
  endfacet
  facet normal 0.9757432489502215 0.11988649244959568 0.1831729812395898
    outer loop
      vertex 3.0396409034729004 -7.840816497802734 12.61346435546875
      vertex 3.064176559448242 -10.521049499511719 14.236974716186523
      vertex 3.3673532009124756 -9.025688171386719 11.643272399902344
    endloop
  endfacet
  facet normal 0.9757432286145263 0.11988653930454683 0.18317305889917182
    outer loop
      vertex 2.641674280166626 -6.4019341468811035 13.791643142700195
      vertex 3.064176559448242 -10.521049499511719 14.236974716186523
      vertex 3.0396409034729004 -7.840816497802734 12.61346435546875
    endloop
  endfacet
  facet normal 0.9757432065076704 0.1198865490770415 0.18317317026390034
    outer loop
      vertex 2.512850284576416 -5.800873756408691 14.084481239318848
      vertex 3.064176559448242 -10.521049499511719 14.236974716186523
      vertex 2.641674280166626 -6.4019341468811035 13.791643142700195
    endloop
  endfacet
  facet normal 0.34495746725670273 0.0423860127660935 0.9376607977865097
    outer loop
      vertex 9.887788772583008 -1.2822436094284058 0.4329024851322174
      vertex 9.914449691772461 -1.1722931861877441 0.4181239604949951
      vertex 9.895018577575684 -1.1832153797149658 0.4257662296295166
    endloop
  endfacet
  facet normal 0.34496528828237283 0.04238374335845153 0.9376580230442144
    outer loop
      vertex 9.862700462341309 -1.625864028930664 0.45766472816467285
      vertex 9.914449691772461 -1.1722931861877441 0.4181239604949951
      vertex 9.887788772583008 -1.2822436094284058 0.4329024851322174
    endloop
  endfacet
  facet normal 0.3449638543813342 0.04238395212226885 0.9376585411400415
    outer loop
      vertex 9.862700462341309 -1.625864028930664 0.45766472816467285
      vertex 9.851540565490723 -2.2939136028289795 0.4919675588607788
      vertex 9.914449691772461 -1.1722931861877441 0.4181239604949951
    endloop
  endfacet
  facet normal 0.34496048217552483 0.042384071880937006 0.9376597763517537
    outer loop
      vertex 9.835229873657227 -1.915502905845642 0.4808632731437683
      vertex 9.851540565490723 -2.2939136028289795 0.4919675588607788
      vertex 9.862700462341309 -1.625864028930664 0.45766472816467285
    endloop
  endfacet
  facet normal 0.34495981721698366 0.042384050426282405 0.9376600219562993
    outer loop
      vertex 9.851540565490723 -2.2939136028289795 0.4919675588607788
      vertex 9.835229873657227 -1.915502905845642 0.4808632731437683
      vertex 9.79050064086914 -2.38710880279541 0.5186364054679871
    endloop
  endfacet
  facet normal 0.8776762481628877 0.2988342565820446 0.3746765144811909
    outer loop
      vertex 5.557462215423584 -13.851115226745605 8.138947486877441
      vertex 5.918453693389893 -13.936697006225586 7.361586570739746
      vertex 5.454914093017578 -12.575281143188477 7.361586570739746
    endloop
  endfacet
  facet normal 0.31689044746113376 0.0691841875128677 0.9459355118114907
    outer loop
      vertex 9.76627254486084 -2.629992723464966 0.5385287404060364
      vertex 9.824646949768066 -2.7673184871673584 0.5290169715881348
      vertex 9.837387084960938 -2.546262741088867 0.5085813403129578
    endloop
  endfacet
  facet normal 0.31689197663862256 0.069184876508319 0.9459349491400533
    outer loop
      vertex 9.745766639709473 -2.8100473880767822 0.5585673451423645
      vertex 9.824646949768066 -2.7673184871673584 0.5290169715881348
      vertex 9.76627254486084 -2.629992723464966 0.5385287404060364
    endloop
  endfacet
  facet normal 0.31689320230896056 0.06918245248456213 0.9459347158227112
    outer loop
      vertex 9.824646949768066 -2.7673184871673584 0.5290169715881348
      vertex 9.745766639709473 -2.8100473880767822 0.5585673451423645
      vertex 9.74260425567627 -2.83781361579895 0.5616574883460999
    endloop
  endfacet
  facet normal 0.5080699673370395 0.1729865422278708 0.8437657047416568
    outer loop
      vertex 8.807699203491211 -7.039198875427246 1.6619482040405273
      vertex 9.286460876464844 -6.750850200653076 1.3145474195480347
      vertex 9.312765121459961 -6.605223655700684 1.2688524723052979
    endloop
  endfacet
  facet normal 0.50806819955203 0.17298992441828517 0.8437660757897977
    outer loop
      vertex 8.707956314086914 -7.3837456703186035 1.792647123336792
      vertex 9.286460876464844 -6.750850200653076 1.3145474195480347
      vertex 8.807699203491211 -7.039198875427246 1.6619482040405273
    endloop
  endfacet
  facet normal 0.5080687341199629 0.1729892907694919 0.8437658838142289
    outer loop
      vertex 9.286460876464844 -6.750850200653076 1.3145474195480347
      vertex 8.707956314086914 -7.3837456703186035 1.792647123336792
      vertex 9.043307304382324 -8.09703540802002 1.7369564771652222
    endloop
  endfacet
  facet normal 0.5080685865694343 0.17298921322095978 0.8437659885599386
    outer loop
      vertex 8.27873420715332 -8.254881858825684 2.229701280593872
      vertex 9.043307304382324 -8.09703540802002 1.7369564771652222
      vertex 8.707956314086914 -7.3837456703186035 1.792647123336792
    endloop
  endfacet
  facet normal 0.5080683448856542 0.17299020404186705 0.8437659309492801
    outer loop
      vertex 8.184478759765625 -8.44618034362793 2.325676918029785
      vertex 9.043307304382324 -8.09703540802002 1.7369564771652222
      vertex 8.27873420715332 -8.254881858825684 2.229701280593872
    endloop
  endfacet
  facet normal 0.5080689001137656 0.17298877022576223 0.8437658905839739
    outer loop
      vertex 9.043307304382324 -8.09703540802002 1.7369564771652222
      vertex 8.184478759765625 -8.44618034362793 2.325676918029785
      vertex 8.604429244995117 -9.497640609741211 2.2883763313293457
    endloop
  endfacet
  facet normal 0.5080692909529242 0.17298893587947195 0.8437656212799148
    outer loop
      vertex 8.604429244995117 -9.497640609741211 2.2883763313293457
      vertex 8.184478759765625 -8.44618034362793 2.325676918029785
      vertex 8.57474136352539 -9.59238338470459 2.325676918029785
    endloop
  endfacet
  facet normal 0.9198509348372464 0.20085078971462025 0.336946906722791
    outer loop
      vertex 3.654346466064453 -9.82618236541748 10.638412475585938
      vertex 4.089770317077637 -10.355937957763672 9.76550579071045
      vertex 3.656996250152588 -9.823062896728516 10.629319190979004
    endloop
  endfacet
  facet normal 0.9198509331696849 0.20082382112005362 0.3369629855304594
    outer loop
      vertex 5.454914093017578 -12.575281143188477 7.361586570739746
      vertex 4.377396106719971 -10.600340843200684 9.125996589660645
      vertex 4.089770317077637 -10.355937957763672 9.76550579071045
    endloop
  endfacet
  facet normal 0.9198509783453399 0.20082395915277268 0.33696277994361096
    outer loop
      vertex 4.587502956390381 -10.778874397277832 8.658843994140625
      vertex 5.454914093017578 -12.575281143188477 7.361586570739746
      vertex 5.11647891998291 -11.025117874145508 7.361586570739746
    endloop
  endfacet
  facet normal 0.919850905885308 0.20082364696128568 0.3369631638074808
    outer loop
      vertex 4.377396106719971 -10.600340843200684 9.125996589660645
      vertex 5.454914093017578 -12.575281143188477 7.361586570739746
      vertex 4.587502956390381 -10.778874397277832 8.658843994140625
    endloop
  endfacet
  facet normal 0.9198508410661589 0.20082289295902364 0.33696379012209693
    outer loop
      vertex 5.454914093017578 -12.575281143188477 7.361586570739746
      vertex 4.089770317077637 -10.355937957763672 9.76550579071045
      vertex 3.654346466064453 -9.82618236541748 10.638412475585938
    endloop
  endfacet
  facet normal 0.9577534090251656 0.2091005673234338 0.19744710746347224
    outer loop
      vertex 3.4426586627960205 -11.511786460876465 13.450288772583008
      vertex 3.064176559448242 -10.521049499511719 14.236974716186523
      vertex 3.0748989582061768 -10.570161819458008 14.236974716186523
    endloop
  endfacet
  facet normal 0.9577533781335956 0.20909974528702313 0.19744812785789495
    outer loop
      vertex 3.064176559448242 -10.521049499511719 14.236974716186523
      vertex 3.4426586627960205 -11.511786460876465 13.450288772583008
      vertex 3.653468608856201 -11.924217224121094 12.864490509033203
    endloop
  endfacet
  facet normal 0.9577533850820584 0.20909874423978522 0.19744915426813817
    outer loop
      vertex 3.653468608856201 -11.924217224121094 12.864490509033203
      vertex 3.654346466064453 -9.82618236541748 10.638412475585938
      vertex 3.064176559448242 -10.521049499511719 14.236974716186523
    endloop
  endfacet
  facet normal 0.9577533696161946 0.20909878172469182 0.197449189590828
    outer loop
      vertex 4.16765022277832 -12.930166244506836 11.435685157775879
      vertex 3.654346466064453 -9.82618236541748 10.638412475585938
      vertex 3.653468608856201 -11.924217224121094 12.864490509033203
    endloop
  endfacet
  facet normal 0.9577533100051362 0.20909883236267243 0.19744942511633876
    outer loop
      vertex 3.654346466064453 -9.82618236541748 10.638412475585938
      vertex 4.16765022277832 -12.930166244506836 11.435685157775879
      vertex 4.454563617706299 -13.491485595703125 10.638412475585938
    endloop
  endfacet
  facet normal 0.508068856251747 0.17298879748380078 0.8437659114068012
    outer loop
      vertex 9.398519515991211 -4.998306751251221 0.8877660632133484
      vertex 9.590317726135254 -5.0685930252075195 0.7866859436035156
      vertex 9.5 -4.8033294677734375 0.7866859436035156
    endloop
  endfacet
  facet normal 0.508068869066187 0.1729888628096695 0.8437658902975537
    outer loop
      vertex 9.07210636138916 -6.125849723815918 1.31548273563385
      vertex 9.590317726135254 -5.0685930252075195 0.7866859436035156
      vertex 9.398519515991211 -4.998306751251221 0.8877660632133484
    endloop
  endfacet
  facet normal 0.5080691214538672 0.17298868166633027 0.8437657754616743
    outer loop
      vertex 9.590317726135254 -5.0685930252075195 0.7866859436035156
      vertex 9.07210636138916 -6.125849723815918 1.31548273563385
      vertex 9.312765121459961 -6.605223655700684 1.2688524723052979
    endloop
  endfacet
  facet normal 0.5080686645138406 0.1729884202933205 0.843766104192118
    outer loop
      vertex 9.312765121459961 -6.605223655700684 1.2688524723052979
      vertex 9.07210636138916 -6.125849723815918 1.31548273563385
      vertex 8.807699203491211 -7.039198875427246 1.6619482040405273
    endloop
  endfacet
  facet normal 0.34495912171430176 0.042384572426926316 0.9376602542319281
    outer loop
      vertex 9.79050064086914 -2.38710880279541 0.5186364054679871
      vertex 9.837387084960938 -2.546262741088867 0.5085813403129578
      vertex 9.851540565490723 -2.2939136028289795 0.4919675588607788
    endloop
  endfacet
  facet normal 0.3449615280788703 0.04238533945884529 0.9376593342704211
    outer loop
      vertex 9.77400016784668 -2.5610907077789307 0.5325714349746704
      vertex 9.837387084960938 -2.546262741088867 0.5085813403129578
      vertex 9.79050064086914 -2.38710880279541 0.5186364054679871
    endloop
  endfacet
  facet normal 0.3449623337375002 0.04238168325125253 0.9376592031368158
    outer loop
      vertex 9.837387084960938 -2.546262741088867 0.5085813403129578
      vertex 9.77400016784668 -2.5610907077789307 0.5325714349746704
      vertex 9.76627254486084 -2.629992723464966 0.5385287404060364
    endloop
  endfacet
  facet normal 0.8530986534627197 0.18625053226142965 0.48737401109664097
    outer loop
      vertex 5.225207805633545 -11.025214195251465 7.171304225921631
      vertex 5.454914093017578 -12.575281143188477 7.361586570739746
      vertex 5.579479217529297 -11.025527000427246 6.551307678222656
    endloop
  endfacet
  facet normal 0.8530989818245399 0.18625051134628856 0.48737344432496466
    outer loop
      vertex 5.454914093017578 -12.575281143188477 7.361586570739746
      vertex 5.225207805633545 -11.025214195251465 7.171304225921631
      vertex 5.11647891998291 -11.025117874145508 7.361586570739746
    endloop
  endfacet
  facet normal 0.35901271173720567 0.014269435023379786 0.9332235830899323
    outer loop
      vertex 9.909233093261719 -0.9799284338951111 0.41718944907188416
      vertex 9.930330276489258 -0.8801978230476379 0.4075483977794647
      vertex 9.912981033325195 -0.8951047658920288 0.41445061564445496
    endloop
  endfacet
  facet normal 0.35901276982411773 0.01426942059667836 0.9332235609643866
    outer loop
      vertex 9.930330276489258 -0.8801978230476379 0.4075483977794647
      vertex 9.909233093261719 -0.9799284338951111 0.41718944907188416
      vertex 9.914449691772461 -1.1722931861877441 0.4181239604949951
    endloop
  endfacet
  facet normal 0.3590160419778769 0.014269503210356034 0.9332223008912018
    outer loop
      vertex 9.914449691772461 -1.1722931861877441 0.4181239604949951
      vertex 9.909233093261719 -0.9799284338951111 0.41718944907188416
      vertex 9.895018577575684 -1.1832153797149658 0.4257662296295166
    endloop
  endfacet
  facet normal 0.31689164098470646 0.0691844442950939 0.9459350931969904
    outer loop
      vertex 9.74260425567627 -2.83781361579895 0.5616574883460999
      vertex 9.744085311889648 -4.16515588760376 0.6582413911819458
      vertex 9.824646949768066 -2.7673184871673584 0.5290169715881348
    endloop
  endfacet
  facet normal 0.31689170297085567 0.0691844428608859 0.9459350725363025
    outer loop
      vertex 9.576539039611816 -4.295938968658447 0.7239353060722351
      vertex 9.744085311889648 -4.16515588760376 0.6582413911819458
      vertex 9.74260425567627 -2.83781361579895 0.5616574883460999
    endloop
  endfacet
  facet normal 0.3168920045457087 0.06918402125436014 0.9459350023432259
    outer loop
      vertex 9.744085311889648 -4.16515588760376 0.6582413911819458
      vertex 9.576539039611816 -4.295938968658447 0.7239353060722351
      vertex 9.701569557189941 -4.416046619415283 0.6908340454101562
    endloop
  endfacet
  facet normal 0.31689099243197777 0.06918285061687032 0.9459354270223735
    outer loop
      vertex 9.573823928833008 -4.317593574523926 0.7264286279678345
      vertex 9.701569557189941 -4.416046619415283 0.6908340454101562
      vertex 9.576539039611816 -4.295938968658447 0.7239353060722351
    endloop
  endfacet
  facet normal 0.31689159897841074 0.06918373446160447 0.9459351591852648
    outer loop
      vertex 9.56295108795166 -4.4043145179748535 0.7364136576652527
      vertex 9.701569557189941 -4.416046619415283 0.6908340454101562
      vertex 9.573823928833008 -4.317593574523926 0.7264286279678345
    endloop
  endfacet
  facet normal 0.31689161628553236 0.06918405158445905 0.9459351301935571
    outer loop
      vertex 9.480328559875488 -4.713228702545166 0.7866859436035156
      vertex 9.701569557189941 -4.416046619415283 0.6908340454101562
      vertex 9.56295108795166 -4.4043145179748535 0.7364136576652527
    endloop
  endfacet
  facet normal 0.31688973200536213 0.0691856209369914 0.9459356466510461
    outer loop
      vertex 9.701569557189941 -4.416046619415283 0.6908340454101562
      vertex 9.480328559875488 -4.713228702545166 0.7866859436035156
      vertex 9.5 -4.8033294677734375 0.7866859436035156
    endloop
  endfacet
  facet normal 0.853098570246205 0.18625060131194057 0.48737413037093125
    outer loop
      vertex 5.579479217529297 -11.025527000427246 6.551307678222656
      vertex 5.454914093017578 -12.575281143188477 7.361586570739746
      vertex 5.910228729248047 -11.025818824768066 5.972476005554199
    endloop
  endfacet
  facet normal 0.8530984244898292 0.18625087242075122 0.4873742818978862
    outer loop
      vertex 6.192908763885498 -10.880009651184082 5.421952247619629
      vertex 5.454914093017578 -12.575281143188477 7.361586570739746
      vertex 6.390230655670166 -10.778228759765625 5.037664890289307
    endloop
  endfacet
  facet normal 0.8530986475415413 0.18625049405063845 0.4873740360633569
    outer loop
      vertex 5.454914093017578 -12.575281143188477 7.361586570739746
      vertex 6.192908763885498 -10.880009651184082 5.421952247619629
      vertex 5.910228729248047 -11.025818824768066 5.972476005554199
    endloop
  endfacet
  facet normal 0.35901538089975105 0.014271033174477563 0.9332225318162541
    outer loop
      vertex 9.937094688415527 -0.1515635848045349 0.39380523562431335
      vertex 9.97818374633789 0 0.3756803274154663
      vertex 9.939558982849121 0 0.3905394673347473
    endloop
  endfacet
  facet normal 0.35902340369855146 0.014268493731512896 0.9332194841961566
    outer loop
      vertex 9.97818374633789 0 0.3756803274154663
      vertex 9.937094688415527 -0.1515635848045349 0.39380523562431335
      vertex 9.955076217651367 -0.4250253438949585 0.39106857776641846
    endloop
  endfacet
  facet normal 0.35902632095194076 0.014268696818664052 0.933218358775057
    outer loop
      vertex 9.932003021240234 -0.4646068811416626 0.4005504548549652
      vertex 9.955076217651367 -0.4250253438949585 0.39106857776641846
      vertex 9.937094688415527 -0.1515635848045349 0.39380523562431335
    endloop
  endfacet
  facet normal 0.35902613025223673 0.014268825088062658 0.9332184301795106
    outer loop
      vertex 9.918819427490234 -0.7629826664924622 0.4101845622062683
      vertex 9.955076217651367 -0.4250253438949585 0.39106857776641846
      vertex 9.932003021240234 -0.4646068811416626 0.4005504548549652
    endloop
  endfacet
  facet normal 0.3590241117128402 0.014269085341402966 0.9332192027665986
    outer loop
      vertex 9.955076217651367 -0.4250253438949585 0.39106857776641846
      vertex 9.918819427490234 -0.7629826664924622 0.4101845622062683
      vertex 9.930330276489258 -0.8801978230476379 0.4075483977794647
    endloop
  endfacet
  facet normal 0.3590138012344046 0.014267983237960555 0.9332231861551367
    outer loop
      vertex 9.930330276489258 -0.8801978230476379 0.4075483977794647
      vertex 9.918819427490234 -0.7629826664924622 0.4101845622062683
      vertex 9.912981033325195 -0.8951047658920288 0.41445061564445496
    endloop
  endfacet
endsolid OpenSCAD_Model
